/* PEDIDOS */
/* No adquieren terminal antiguo */
insert into `pedidos` (`id`, `adquirir_antiguo`, `envio_domicilio`, `fecha_crea`, `fecha_modi`, `motivo_domicilio`, `comentario`, `id_estado`, `id_usuario`, `id_sede_entrega`, `id_envio`) values('160','0','0','2022-09-02 08:41:34','2022-09-02 08:41:34',NULL,NULL,'1','4150','27',NULL);
insert into `pedidos` (`id`, `adquirir_antiguo`, `envio_domicilio`, `fecha_crea`, `fecha_modi`, `motivo_domicilio`, `comentario`, `id_estado`, `id_usuario`, `id_sede_entrega`, `id_envio`) values('161','0','0','2022-09-02 08:41:34','2022-09-02 08:41:34',NULL,NULL,'1','4151','27',NULL);
insert into `pedidos` (`id`, `adquirir_antiguo`, `envio_domicilio`, `fecha_crea`, `fecha_modi`, `motivo_domicilio`, `comentario`, `id_estado`, `id_usuario`, `id_sede_entrega`, `id_envio`) values('162','0','0','2022-09-02 08:41:34','2022-09-02 08:41:34',NULL,NULL,'1','4152','27',NULL);
insert into `pedidos` (`id`, `adquirir_antiguo`, `envio_domicilio`, `fecha_crea`, `fecha_modi`, `motivo_domicilio`, `comentario`, `id_estado`, `id_usuario`, `id_sede_entrega`, `id_envio`) values('163','0','0','2022-09-02 08:41:34','2022-09-02 08:41:34',NULL,NULL,'1','4153','27',NULL);
insert into `pedidos` (`id`, `adquirir_antiguo`, `envio_domicilio`, `fecha_crea`, `fecha_modi`, `motivo_domicilio`, `comentario`, `id_estado`, `id_usuario`, `id_sede_entrega`, `id_envio`) values('164','0','0','2022-09-02 08:41:34','2022-09-02 08:41:34',NULL,NULL,'1','4154','27',NULL);
insert into `pedidos` (`id`, `adquirir_antiguo`, `envio_domicilio`, `fecha_crea`, `fecha_modi`, `motivo_domicilio`, `comentario`, `id_estado`, `id_usuario`, `id_sede_entrega`, `id_envio`) values('165','0','0','2022-09-02 08:41:34','2022-09-02 08:41:34',NULL,NULL,'1','4155','27',NULL);
insert into `pedidos` (`id`, `adquirir_antiguo`, `envio_domicilio`, `fecha_crea`, `fecha_modi`, `motivo_domicilio`, `comentario`, `id_estado`, `id_usuario`, `id_sede_entrega`, `id_envio`) values('166','0','0','2022-09-02 08:41:34','2022-09-02 08:41:34',NULL,NULL,'1','4156','27',NULL);
insert into `pedidos` (`id`, `adquirir_antiguo`, `envio_domicilio`, `fecha_crea`, `fecha_modi`, `motivo_domicilio`, `comentario`, `id_estado`, `id_usuario`, `id_sede_entrega`, `id_envio`) values('167','0','0','2022-09-02 08:41:34','2022-09-02 08:41:34',NULL,NULL,'1','4157','27',NULL);
insert into `pedidos` (`id`, `adquirir_antiguo`, `envio_domicilio`, `fecha_crea`, `fecha_modi`, `motivo_domicilio`, `comentario`, `id_estado`, `id_usuario`, `id_sede_entrega`, `id_envio`) values('168','0','0','2022-09-02 08:41:34','2022-09-02 08:41:34',NULL,NULL,'1','4158','27',NULL);
insert into `pedidos` (`id`, `adquirir_antiguo`, `envio_domicilio`, `fecha_crea`, `fecha_modi`, `motivo_domicilio`, `comentario`, `id_estado`, `id_usuario`, `id_sede_entrega`, `id_envio`) values('169','0','0','2022-09-02 08:41:34','2022-09-02 08:41:34',NULL,NULL,'1','4159','27',NULL);
insert into `pedidos` (`id`, `adquirir_antiguo`, `envio_domicilio`, `fecha_crea`, `fecha_modi`, `motivo_domicilio`, `comentario`, `id_estado`, `id_usuario`, `id_sede_entrega`, `id_envio`) values('170','0','0','2022-09-02 08:41:34','2022-09-02 08:41:34',NULL,NULL,'1','4160','27',NULL);
insert into `pedidos` (`id`, `adquirir_antiguo`, `envio_domicilio`, `fecha_crea`, `fecha_modi`, `motivo_domicilio`, `comentario`, `id_estado`, `id_usuario`, `id_sede_entrega`, `id_envio`) values('171','0','0','2022-09-02 08:41:34','2022-09-02 08:41:34',NULL,NULL,'1','4161','27',NULL);
insert into `pedidos` (`id`, `adquirir_antiguo`, `envio_domicilio`, `fecha_crea`, `fecha_modi`, `motivo_domicilio`, `comentario`, `id_estado`, `id_usuario`, `id_sede_entrega`, `id_envio`) values('172','0','0','2022-09-02 08:41:34','2022-09-02 08:41:34',NULL,NULL,'1','4162','27',NULL);
insert into `pedidos` (`id`, `adquirir_antiguo`, `envio_domicilio`, `fecha_crea`, `fecha_modi`, `motivo_domicilio`, `comentario`, `id_estado`, `id_usuario`, `id_sede_entrega`, `id_envio`) values('173','0','0','2022-09-02 08:41:34','2022-09-02 08:41:34',NULL,NULL,'1','4163','27',NULL);
/* Adquieren Terminal Antiguo*/
insert into `pedidos` (`id`, `adquirir_antiguo`, `envio_domicilio`, `fecha_crea`, `fecha_modi`, `motivo_domicilio`, `comentario`, `id_estado`, `id_usuario`, `id_sede_entrega`, `id_envio`) values('174','1','0','2022-09-02 08:41:34','2022-09-02 08:41:34',NULL,NULL,'1','4164','27',NULL);
insert into `pedidos` (`id`, `adquirir_antiguo`, `envio_domicilio`, `fecha_crea`, `fecha_modi`, `motivo_domicilio`, `comentario`, `id_estado`, `id_usuario`, `id_sede_entrega`, `id_envio`) values('175','1','0','2022-09-02 08:41:34','2022-09-02 08:41:34',NULL,NULL,'1','4165','27',NULL);
insert into `pedidos` (`id`, `adquirir_antiguo`, `envio_domicilio`, `fecha_crea`, `fecha_modi`, `motivo_domicilio`, `comentario`, `id_estado`, `id_usuario`, `id_sede_entrega`, `id_envio`) values('176','1','0','2022-09-02 08:41:34','2022-09-02 08:41:34',NULL,NULL,'1','4166','27',NULL);
insert into `pedidos` (`id`, `adquirir_antiguo`, `envio_domicilio`, `fecha_crea`, `fecha_modi`, `motivo_domicilio`, `comentario`, `id_estado`, `id_usuario`, `id_sede_entrega`, `id_envio`) values('177','1','0','2022-09-02 08:41:34','2022-09-02 08:41:34',NULL,NULL,'1','4167','27',NULL);
insert into `pedidos` (`id`, `adquirir_antiguo`, `envio_domicilio`, `fecha_crea`, `fecha_modi`, `motivo_domicilio`, `comentario`, `id_estado`, `id_usuario`, `id_sede_entrega`, `id_envio`) values('178','1','0','2022-09-02 08:41:34','2022-09-02 08:41:34',NULL,NULL,'1','4168','27',NULL);
insert into `pedidos` (`id`, `adquirir_antiguo`, `envio_domicilio`, `fecha_crea`, `fecha_modi`, `motivo_domicilio`, `comentario`, `id_estado`, `id_usuario`, `id_sede_entrega`, `id_envio`) values('179','1','0','2022-09-02 08:41:34','2022-09-02 08:41:34',NULL,NULL,'1','4169','27',NULL);
insert into `pedidos` (`id`, `adquirir_antiguo`, `envio_domicilio`, `fecha_crea`, `fecha_modi`, `motivo_domicilio`, `comentario`, `id_estado`, `id_usuario`, `id_sede_entrega`, `id_envio`) values('180','1','0','2022-09-02 08:41:34','2022-09-02 08:41:34',NULL,NULL,'1','4170','27',NULL);
insert into `pedidos` (`id`, `adquirir_antiguo`, `envio_domicilio`, `fecha_crea`, `fecha_modi`, `motivo_domicilio`, `comentario`, `id_estado`, `id_usuario`, `id_sede_entrega`, `id_envio`) values('181','1','0','2022-09-02 08:41:34','2022-09-02 08:41:34',NULL,NULL,'1','4171','27',NULL);
insert into `pedidos` (`id`, `adquirir_antiguo`, `envio_domicilio`, `fecha_crea`, `fecha_modi`, `motivo_domicilio`, `comentario`, `id_estado`, `id_usuario`, `id_sede_entrega`, `id_envio`) values('182','1','0','2022-09-02 08:41:34','2022-09-02 08:41:34',NULL,NULL,'1','4172','27',NULL);
insert into `pedidos` (`id`, `adquirir_antiguo`, `envio_domicilio`, `fecha_crea`, `fecha_modi`, `motivo_domicilio`, `comentario`, `id_estado`, `id_usuario`, `id_sede_entrega`, `id_envio`) values('183','1','0','2022-09-02 08:41:34','2022-09-02 08:41:34',NULL,NULL,'1','4173','27',NULL);
insert into `pedidos` (`id`, `adquirir_antiguo`, `envio_domicilio`, `fecha_crea`, `fecha_modi`, `motivo_domicilio`, `comentario`, `id_estado`, `id_usuario`, `id_sede_entrega`, `id_envio`) values('184','1','0','2022-09-02 08:41:34','2022-09-02 08:41:34',NULL,NULL,'1','4174','27',NULL);
insert into `pedidos` (`id`, `adquirir_antiguo`, `envio_domicilio`, `fecha_crea`, `fecha_modi`, `motivo_domicilio`, `comentario`, `id_estado`, `id_usuario`, `id_sede_entrega`, `id_envio`) values('185','1','0','2022-09-02 08:41:34','2022-09-02 08:41:34',NULL,NULL,'1','4175','27',NULL);
insert into `pedidos` (`id`, `adquirir_antiguo`, `envio_domicilio`, `fecha_crea`, `fecha_modi`, `motivo_domicilio`, `comentario`, `id_estado`, `id_usuario`, `id_sede_entrega`, `id_envio`) values('186','1','0','2022-09-02 08:41:34','2022-09-02 08:41:34',NULL,NULL,'1','4176','27',NULL);
insert into `pedidos` (`id`, `adquirir_antiguo`, `envio_domicilio`, `fecha_crea`, `fecha_modi`, `motivo_domicilio`, `comentario`, `id_estado`, `id_usuario`, `id_sede_entrega`, `id_envio`) values('187','1','0','2022-09-02 08:41:34','2022-09-02 08:41:34',NULL,NULL,'1','4177','27',NULL);
insert into `pedidos` (`id`, `adquirir_antiguo`, `envio_domicilio`, `fecha_crea`, `fecha_modi`, `motivo_domicilio`, `comentario`, `id_estado`, `id_usuario`, `id_sede_entrega`, `id_envio`) values('188','1','0','2022-09-02 08:41:34','2022-09-02 08:41:34',NULL,NULL,'1','4178','27',NULL);
insert into `pedidos` (`id`, `adquirir_antiguo`, `envio_domicilio`, `fecha_crea`, `fecha_modi`, `motivo_domicilio`, `comentario`, `id_estado`, `id_usuario`, `id_sede_entrega`, `id_envio`) values('189','1','0','2022-09-02 08:41:34','2022-09-02 08:41:34',NULL,NULL,'1','4179','27',NULL);
insert into `pedidos` (`id`, `adquirir_antiguo`, `envio_domicilio`, `fecha_crea`, `fecha_modi`, `motivo_domicilio`, `comentario`, `id_estado`, `id_usuario`, `id_sede_entrega`, `id_envio`) values('190','1','0','2022-09-02 08:41:34','2022-09-02 08:41:34',NULL,NULL,'1','4180','27',NULL);
insert into `pedidos` (`id`, `adquirir_antiguo`, `envio_domicilio`, `fecha_crea`, `fecha_modi`, `motivo_domicilio`, `comentario`, `id_estado`, `id_usuario`, `id_sede_entrega`, `id_envio`) values('191','1','0','2022-09-02 08:41:34','2022-09-02 08:41:34',NULL,NULL,'1','4181','27',NULL);
insert into `pedidos` (`id`, `adquirir_antiguo`, `envio_domicilio`, `fecha_crea`, `fecha_modi`, `motivo_domicilio`, `comentario`, `id_estado`, `id_usuario`, `id_sede_entrega`, `id_envio`) values('192','1','0','2022-09-02 08:41:34','2022-09-02 08:41:34',NULL,NULL,'1','4182','27',NULL);
insert into `pedidos` (`id`, `adquirir_antiguo`, `envio_domicilio`, `fecha_crea`, `fecha_modi`, `motivo_domicilio`, `comentario`, `id_estado`, `id_usuario`, `id_sede_entrega`, `id_envio`) values('193','1','0','2022-09-02 08:41:34','2022-09-02 08:41:34',NULL,NULL,'1','4183','27',NULL);
insert into `pedidos` (`id`, `adquirir_antiguo`, `envio_domicilio`, `fecha_crea`, `fecha_modi`, `motivo_domicilio`, `comentario`, `id_estado`, `id_usuario`, `id_sede_entrega`, `id_envio`) values('194','1','0','2022-09-02 08:41:34','2022-09-02 08:41:34',NULL,NULL,'1','4184','27',NULL);
insert into `pedidos` (`id`, `adquirir_antiguo`, `envio_domicilio`, `fecha_crea`, `fecha_modi`, `motivo_domicilio`, `comentario`, `id_estado`, `id_usuario`, `id_sede_entrega`, `id_envio`) values('195','1','0','2022-09-02 08:41:34','2022-09-02 08:41:34',NULL,NULL,'1','4185','27',NULL);
insert into `pedidos` (`id`, `adquirir_antiguo`, `envio_domicilio`, `fecha_crea`, `fecha_modi`, `motivo_domicilio`, `comentario`, `id_estado`, `id_usuario`, `id_sede_entrega`, `id_envio`) values('196','1','0','2022-09-02 08:41:34','2022-09-02 08:41:34',NULL,NULL,'1','4186','27',NULL);
insert into `pedidos` (`id`, `adquirir_antiguo`, `envio_domicilio`, `fecha_crea`, `fecha_modi`, `motivo_domicilio`, `comentario`, `id_estado`, `id_usuario`, `id_sede_entrega`, `id_envio`) values('197','1','0','2022-09-02 08:41:34','2022-09-02 08:41:34',NULL,NULL,'1','4187','27',NULL);
insert into `pedidos` (`id`, `adquirir_antiguo`, `envio_domicilio`, `fecha_crea`, `fecha_modi`, `motivo_domicilio`, `comentario`, `id_estado`, `id_usuario`, `id_sede_entrega`, `id_envio`) values('198','1','0','2022-09-02 08:41:34','2022-09-02 08:41:34',NULL,NULL,'1','4188','27',NULL);
insert into `pedidos` (`id`, `adquirir_antiguo`, `envio_domicilio`, `fecha_crea`, `fecha_modi`, `motivo_domicilio`, `comentario`, `id_estado`, `id_usuario`, `id_sede_entrega`, `id_envio`) values('199','1','0','2022-09-02 08:41:34','2022-09-02 08:41:34',NULL,NULL,'1','4189','27',NULL);
insert into `pedidos` (`id`, `adquirir_antiguo`, `envio_domicilio`, `fecha_crea`, `fecha_modi`, `motivo_domicilio`, `comentario`, `id_estado`, `id_usuario`, `id_sede_entrega`, `id_envio`) values('200','1','0','2022-09-02 08:41:34','2022-09-02 08:41:34',NULL,NULL,'1','4190','27',NULL);
insert into `pedidos` (`id`, `adquirir_antiguo`, `envio_domicilio`, `fecha_crea`, `fecha_modi`, `motivo_domicilio`, `comentario`, `id_estado`, `id_usuario`, `id_sede_entrega`, `id_envio`) values('201','1','0','2022-09-02 08:41:34','2022-09-02 08:41:34',NULL,NULL,'1','4191','27',NULL);
insert into `pedidos` (`id`, `adquirir_antiguo`, `envio_domicilio`, `fecha_crea`, `fecha_modi`, `motivo_domicilio`, `comentario`, `id_estado`, `id_usuario`, `id_sede_entrega`, `id_envio`) values('202','1','0','2022-09-02 08:41:34','2022-09-02 08:41:34',NULL,NULL,'1','4192','27',NULL);
insert into `pedidos` (`id`, `adquirir_antiguo`, `envio_domicilio`, `fecha_crea`, `fecha_modi`, `motivo_domicilio`, `comentario`, `id_estado`, `id_usuario`, `id_sede_entrega`, `id_envio`) values('203','1','0','2022-09-02 08:41:34','2022-09-02 08:41:34',NULL,NULL,'1','4193','27',NULL);
insert into `pedidos` (`id`, `adquirir_antiguo`, `envio_domicilio`, `fecha_crea`, `fecha_modi`, `motivo_domicilio`, `comentario`, `id_estado`, `id_usuario`, `id_sede_entrega`, `id_envio`) values('204','1','0','2022-09-02 08:41:34','2022-09-02 08:41:34',NULL,NULL,'1','4194','27',NULL);
insert into `pedidos` (`id`, `adquirir_antiguo`, `envio_domicilio`, `fecha_crea`, `fecha_modi`, `motivo_domicilio`, `comentario`, `id_estado`, `id_usuario`, `id_sede_entrega`, `id_envio`) values('205','1','0','2022-09-02 08:41:34','2022-09-02 08:41:34',NULL,NULL,'1','4195','27',NULL);
insert into `pedidos` (`id`, `adquirir_antiguo`, `envio_domicilio`, `fecha_crea`, `fecha_modi`, `motivo_domicilio`, `comentario`, `id_estado`, `id_usuario`, `id_sede_entrega`, `id_envio`) values('206','1','0','2022-09-02 08:41:34','2022-09-02 08:41:34',NULL,NULL,'1','4196','27',NULL);
insert into `pedidos` (`id`, `adquirir_antiguo`, `envio_domicilio`, `fecha_crea`, `fecha_modi`, `motivo_domicilio`, `comentario`, `id_estado`, `id_usuario`, `id_sede_entrega`, `id_envio`) values('207','1','0','2022-09-02 08:41:34','2022-09-02 08:41:34',NULL,NULL,'1','4197','27',NULL);
insert into `pedidos` (`id`, `adquirir_antiguo`, `envio_domicilio`, `fecha_crea`, `fecha_modi`, `motivo_domicilio`, `comentario`, `id_estado`, `id_usuario`, `id_sede_entrega`, `id_envio`) values('208','1','0','2022-09-02 08:41:34','2022-09-02 08:41:34',NULL,NULL,'1','4198','27',NULL);
insert into `pedidos` (`id`, `adquirir_antiguo`, `envio_domicilio`, `fecha_crea`, `fecha_modi`, `motivo_domicilio`, `comentario`, `id_estado`, `id_usuario`, `id_sede_entrega`, `id_envio`) values('209','1','0','2022-09-02 08:41:34','2022-09-02 08:41:34',NULL,NULL,'1','4199','27',NULL);
insert into `pedidos` (`id`, `adquirir_antiguo`, `envio_domicilio`, `fecha_crea`, `fecha_modi`, `motivo_domicilio`, `comentario`, `id_estado`, `id_usuario`, `id_sede_entrega`, `id_envio`) values('210','1','0','2022-09-02 08:41:34','2022-09-02 08:41:34',NULL,NULL,'1','4200','27',NULL);
insert into `pedidos` (`id`, `adquirir_antiguo`, `envio_domicilio`, `fecha_crea`, `fecha_modi`, `motivo_domicilio`, `comentario`, `id_estado`, `id_usuario`, `id_sede_entrega`, `id_envio`) values('211','1','0','2022-09-02 08:41:34','2022-09-02 08:41:34',NULL,NULL,'1','4201','27',NULL);
insert into `pedidos` (`id`, `adquirir_antiguo`, `envio_domicilio`, `fecha_crea`, `fecha_modi`, `motivo_domicilio`, `comentario`, `id_estado`, `id_usuario`, `id_sede_entrega`, `id_envio`) values('212','1','0','2022-09-02 08:41:34','2022-09-02 08:41:34',NULL,NULL,'1','4202','27',NULL);
insert into `pedidos` (`id`, `adquirir_antiguo`, `envio_domicilio`, `fecha_crea`, `fecha_modi`, `motivo_domicilio`, `comentario`, `id_estado`, `id_usuario`, `id_sede_entrega`, `id_envio`) values('213','1','0','2022-09-02 08:41:34','2022-09-02 08:41:34',NULL,NULL,'1','4203','27',NULL);
insert into `pedidos` (`id`, `adquirir_antiguo`, `envio_domicilio`, `fecha_crea`, `fecha_modi`, `motivo_domicilio`, `comentario`, `id_estado`, `id_usuario`, `id_sede_entrega`, `id_envio`) values('214','1','0','2022-09-02 08:41:34','2022-09-02 08:41:34',NULL,NULL,'1','4204','27',NULL);
insert into `pedidos` (`id`, `adquirir_antiguo`, `envio_domicilio`, `fecha_crea`, `fecha_modi`, `motivo_domicilio`, `comentario`, `id_estado`, `id_usuario`, `id_sede_entrega`, `id_envio`) values('215','1','0','2022-09-02 08:41:34','2022-09-02 08:41:34',NULL,NULL,'1','4205','27',NULL);

/* CITAS */
/*9-10h*/
insert into `citas` (`id`, `hora`, `fecha`, `id_calendario`, `id_pedido`) values('50','09:00','2022-10-11','169','160');
insert into `citas` (`id`, `hora`, `fecha`, `id_calendario`, `id_pedido`) values('51','09:00','2022-10-11','169','161');
insert into `citas` (`id`, `hora`, `fecha`, `id_calendario`, `id_pedido`) values('52','09:00','2022-10-11','169','162');
insert into `citas` (`id`, `hora`, `fecha`, `id_calendario`, `id_pedido`) values('53','09:00','2022-10-11','169','163');
insert into `citas` (`id`, `hora`, `fecha`, `id_calendario`, `id_pedido`) values('54','09:00','2022-10-11','169','164');
insert into `citas` (`id`, `hora`, `fecha`, `id_calendario`, `id_pedido`) values('55','09:00','2022-10-11','169','165');
insert into `citas` (`id`, `hora`, `fecha`, `id_calendario`, `id_pedido`) values('56','09:00','2022-10-11','169','166');
insert into `citas` (`id`, `hora`, `fecha`, `id_calendario`, `id_pedido`) values('57','09:00','2022-10-11','169','167');
insert into `citas` (`id`, `hora`, `fecha`, `id_calendario`, `id_pedido`) values('58','09:00','2022-10-11','169','168');
insert into `citas` (`id`, `hora`, `fecha`, `id_calendario`, `id_pedido`) values('59','09:00','2022-10-11','169','169');
insert into `citas` (`id`, `hora`, `fecha`, `id_calendario`, `id_pedido`) values('60','09:00','2022-10-11','169','170');
insert into `citas` (`id`, `hora`, `fecha`, `id_calendario`, `id_pedido`) values('61','09:00','2022-10-11','169','171');
insert into `citas` (`id`, `hora`, `fecha`, `id_calendario`, `id_pedido`) values('62','09:00','2022-10-11','169','172');
insert into `citas` (`id`, `hora`, `fecha`, `id_calendario`, `id_pedido`) values('63','09:00','2022-10-11','169','173');
/*10-11h*/
insert into `citas` (`id`, `hora`, `fecha`, `id_calendario`, `id_pedido`) values('64','10:00','2022-10-11','169','174');
insert into `citas` (`id`, `hora`, `fecha`, `id_calendario`, `id_pedido`) values('65','10:00','2022-10-11','169','175');
insert into `citas` (`id`, `hora`, `fecha`, `id_calendario`, `id_pedido`) values('66','10:00','2022-10-11','169','176');
insert into `citas` (`id`, `hora`, `fecha`, `id_calendario`, `id_pedido`) values('67','10:00','2022-10-11','169','177');
insert into `citas` (`id`, `hora`, `fecha`, `id_calendario`, `id_pedido`) values('68','10:00','2022-10-11','169','178');
insert into `citas` (`id`, `hora`, `fecha`, `id_calendario`, `id_pedido`) values('69','10:00','2022-10-11','169','179');
insert into `citas` (`id`, `hora`, `fecha`, `id_calendario`, `id_pedido`) values('70','10:00','2022-10-11','169','180');
insert into `citas` (`id`, `hora`, `fecha`, `id_calendario`, `id_pedido`) values('71','10:00','2022-10-11','169','181');
insert into `citas` (`id`, `hora`, `fecha`, `id_calendario`, `id_pedido`) values('72','10:00','2022-10-11','169','182');
insert into `citas` (`id`, `hora`, `fecha`, `id_calendario`, `id_pedido`) values('73','10:00','2022-10-11','169','183');
insert into `citas` (`id`, `hora`, `fecha`, `id_calendario`, `id_pedido`) values('74','10:00','2022-10-11','169','184');
insert into `citas` (`id`, `hora`, `fecha`, `id_calendario`, `id_pedido`) values('75','10:00','2022-10-11','169','185');
insert into `citas` (`id`, `hora`, `fecha`, `id_calendario`, `id_pedido`) values('76','10:00','2022-10-11','169','186');
insert into `citas` (`id`, `hora`, `fecha`, `id_calendario`, `id_pedido`) values('77','10:00','2022-10-11','169','187');
/*11-12h*/
insert into `citas` (`id`, `hora`, `fecha`, `id_calendario`, `id_pedido`) values('78','11:00','2022-10-11','169','188');
insert into `citas` (`id`, `hora`, `fecha`, `id_calendario`, `id_pedido`) values('79','11:00','2022-10-11','169','189');
insert into `citas` (`id`, `hora`, `fecha`, `id_calendario`, `id_pedido`) values('80','11:00','2022-10-11','169','190');
insert into `citas` (`id`, `hora`, `fecha`, `id_calendario`, `id_pedido`) values('81','11:00','2022-10-11','169','191');
insert into `citas` (`id`, `hora`, `fecha`, `id_calendario`, `id_pedido`) values('82','11:00','2022-10-11','169','192');
insert into `citas` (`id`, `hora`, `fecha`, `id_calendario`, `id_pedido`) values('83','11:00','2022-10-11','169','193');
insert into `citas` (`id`, `hora`, `fecha`, `id_calendario`, `id_pedido`) values('84','11:00','2022-10-11','169','194');
insert into `citas` (`id`, `hora`, `fecha`, `id_calendario`, `id_pedido`) values('85','11:00','2022-10-11','169','195');
insert into `citas` (`id`, `hora`, `fecha`, `id_calendario`, `id_pedido`) values('86','11:00','2022-10-11','169','196');
insert into `citas` (`id`, `hora`, `fecha`, `id_calendario`, `id_pedido`) values('87','11:00','2022-10-11','169','197');
insert into `citas` (`id`, `hora`, `fecha`, `id_calendario`, `id_pedido`) values('88','11:00','2022-10-11','169','198');
insert into `citas` (`id`, `hora`, `fecha`, `id_calendario`, `id_pedido`) values('89','11:00','2022-10-11','169','199');
insert into `citas` (`id`, `hora`, `fecha`, `id_calendario`, `id_pedido`) values('90','11:00','2022-10-11','169','200');
insert into `citas` (`id`, `hora`, `fecha`, `id_calendario`, `id_pedido`) values('91','11:00','2022-10-11','169','201');
/*12-13h*/
insert into `citas` (`id`, `hora`, `fecha`, `id_calendario`, `id_pedido`) values('92','12:00','2022-10-11','169','202');
insert into `citas` (`id`, `hora`, `fecha`, `id_calendario`, `id_pedido`) values('93','12:00','2022-10-11','169','203');
insert into `citas` (`id`, `hora`, `fecha`, `id_calendario`, `id_pedido`) values('94','12:00','2022-10-11','169','204');
insert into `citas` (`id`, `hora`, `fecha`, `id_calendario`, `id_pedido`) values('95','12:00','2022-10-11','169','205');
insert into `citas` (`id`, `hora`, `fecha`, `id_calendario`, `id_pedido`) values('96','12:00','2022-10-11','169','206');
insert into `citas` (`id`, `hora`, `fecha`, `id_calendario`, `id_pedido`) values('97','12:00','2022-10-11','169','207');
insert into `citas` (`id`, `hora`, `fecha`, `id_calendario`, `id_pedido`) values('98','12:00','2022-10-11','169','208');
insert into `citas` (`id`, `hora`, `fecha`, `id_calendario`, `id_pedido`) values('99','12:00','2022-10-11','169','209');
insert into `citas` (`id`, `hora`, `fecha`, `id_calendario`, `id_pedido`) values('100','12:00','2022-10-11','169','210');
insert into `citas` (`id`, `hora`, `fecha`, `id_calendario`, `id_pedido`) values('101','12:00','2022-10-11','169','211');
insert into `citas` (`id`, `hora`, `fecha`, `id_calendario`, `id_pedido`) values('102','12:00','2022-10-11','169','212');
insert into `citas` (`id`, `hora`, `fecha`, `id_calendario`, `id_pedido`) values('103','12:00','2022-10-11','169','213');
insert into `citas` (`id`, `hora`, `fecha`, `id_calendario`, `id_pedido`) values('104','12:00','2022-10-11','169','214');
insert into `citas` (`id`, `hora`, `fecha`, `id_calendario`, `id_pedido`) values('105','12:00','2022-10-11','169','215');

/* HISTORICO PEDIDOS */
insert into `historico_pedidos` (`id`, `fecha`, `id_pedido`, `id_estado`, `id_usuario`) values('160','2022-09-02 08:41:34','160','1','4150');
insert into `historico_pedidos` (`id`, `fecha`, `id_pedido`, `id_estado`, `id_usuario`) values('161','2022-09-02 08:41:34','161','1','4151');
insert into `historico_pedidos` (`id`, `fecha`, `id_pedido`, `id_estado`, `id_usuario`) values('162','2022-09-02 08:41:34','162','1','4152');
insert into `historico_pedidos` (`id`, `fecha`, `id_pedido`, `id_estado`, `id_usuario`) values('163','2022-09-02 08:41:34','163','1','4153');
insert into `historico_pedidos` (`id`, `fecha`, `id_pedido`, `id_estado`, `id_usuario`) values('164','2022-09-02 08:41:34','164','1','4154');
insert into `historico_pedidos` (`id`, `fecha`, `id_pedido`, `id_estado`, `id_usuario`) values('165','2022-09-02 08:41:34','165','1','4155');
insert into `historico_pedidos` (`id`, `fecha`, `id_pedido`, `id_estado`, `id_usuario`) values('166','2022-09-02 08:41:34','166','1','4156');
insert into `historico_pedidos` (`id`, `fecha`, `id_pedido`, `id_estado`, `id_usuario`) values('167','2022-09-02 08:41:34','167','1','4157');
insert into `historico_pedidos` (`id`, `fecha`, `id_pedido`, `id_estado`, `id_usuario`) values('168','2022-09-02 08:41:34','168','1','4158');
insert into `historico_pedidos` (`id`, `fecha`, `id_pedido`, `id_estado`, `id_usuario`) values('169','2022-09-02 08:41:34','169','1','4159');
insert into `historico_pedidos` (`id`, `fecha`, `id_pedido`, `id_estado`, `id_usuario`) values('170','2022-09-02 08:41:34','170','1','4160');
insert into `historico_pedidos` (`id`, `fecha`, `id_pedido`, `id_estado`, `id_usuario`) values('171','2022-09-02 08:41:34','171','1','4161');
insert into `historico_pedidos` (`id`, `fecha`, `id_pedido`, `id_estado`, `id_usuario`) values('172','2022-09-02 08:41:34','172','1','4162');
insert into `historico_pedidos` (`id`, `fecha`, `id_pedido`, `id_estado`, `id_usuario`) values('173','2022-09-02 08:41:34','173','1','4163');
insert into `historico_pedidos` (`id`, `fecha`, `id_pedido`, `id_estado`, `id_usuario`) values('174','2022-09-02 08:41:34','174','1','4164');
insert into `historico_pedidos` (`id`, `fecha`, `id_pedido`, `id_estado`, `id_usuario`) values('175','2022-09-02 08:41:34','175','1','4165');
insert into `historico_pedidos` (`id`, `fecha`, `id_pedido`, `id_estado`, `id_usuario`) values('176','2022-09-02 08:41:34','176','1','4166');
insert into `historico_pedidos` (`id`, `fecha`, `id_pedido`, `id_estado`, `id_usuario`) values('177','2022-09-02 08:41:34','177','1','4167');
insert into `historico_pedidos` (`id`, `fecha`, `id_pedido`, `id_estado`, `id_usuario`) values('178','2022-09-02 08:41:34','178','1','4168');
insert into `historico_pedidos` (`id`, `fecha`, `id_pedido`, `id_estado`, `id_usuario`) values('179','2022-09-02 08:41:34','179','1','4169');
insert into `historico_pedidos` (`id`, `fecha`, `id_pedido`, `id_estado`, `id_usuario`) values('180','2022-09-02 08:41:34','180','1','4170');
insert into `historico_pedidos` (`id`, `fecha`, `id_pedido`, `id_estado`, `id_usuario`) values('181','2022-09-02 08:41:34','181','1','4171');
insert into `historico_pedidos` (`id`, `fecha`, `id_pedido`, `id_estado`, `id_usuario`) values('182','2022-09-02 08:41:34','182','1','4172');
insert into `historico_pedidos` (`id`, `fecha`, `id_pedido`, `id_estado`, `id_usuario`) values('183','2022-09-02 08:41:34','183','1','4173');
insert into `historico_pedidos` (`id`, `fecha`, `id_pedido`, `id_estado`, `id_usuario`) values('184','2022-09-02 08:41:34','184','1','4174');
insert into `historico_pedidos` (`id`, `fecha`, `id_pedido`, `id_estado`, `id_usuario`) values('185','2022-09-02 08:41:34','185','1','4175');
insert into `historico_pedidos` (`id`, `fecha`, `id_pedido`, `id_estado`, `id_usuario`) values('186','2022-09-02 08:41:34','186','1','4176');
insert into `historico_pedidos` (`id`, `fecha`, `id_pedido`, `id_estado`, `id_usuario`) values('187','2022-09-02 08:41:34','187','1','4177');
insert into `historico_pedidos` (`id`, `fecha`, `id_pedido`, `id_estado`, `id_usuario`) values('188','2022-09-02 08:41:34','188','1','4178');
insert into `historico_pedidos` (`id`, `fecha`, `id_pedido`, `id_estado`, `id_usuario`) values('189','2022-09-02 08:41:34','189','1','4179');
insert into `historico_pedidos` (`id`, `fecha`, `id_pedido`, `id_estado`, `id_usuario`) values('190','2022-09-02 08:41:34','190','1','4180');
insert into `historico_pedidos` (`id`, `fecha`, `id_pedido`, `id_estado`, `id_usuario`) values('191','2022-09-02 08:41:34','191','1','4181');
insert into `historico_pedidos` (`id`, `fecha`, `id_pedido`, `id_estado`, `id_usuario`) values('192','2022-09-02 08:41:34','192','1','4182');
insert into `historico_pedidos` (`id`, `fecha`, `id_pedido`, `id_estado`, `id_usuario`) values('193','2022-09-02 08:41:34','193','1','4183');
insert into `historico_pedidos` (`id`, `fecha`, `id_pedido`, `id_estado`, `id_usuario`) values('194','2022-09-02 08:41:34','194','1','4184');
insert into `historico_pedidos` (`id`, `fecha`, `id_pedido`, `id_estado`, `id_usuario`) values('195','2022-09-02 08:41:34','195','1','4185');
insert into `historico_pedidos` (`id`, `fecha`, `id_pedido`, `id_estado`, `id_usuario`) values('196','2022-09-02 08:41:34','196','1','4186');
insert into `historico_pedidos` (`id`, `fecha`, `id_pedido`, `id_estado`, `id_usuario`) values('197','2022-09-02 08:41:34','197','1','4187');
insert into `historico_pedidos` (`id`, `fecha`, `id_pedido`, `id_estado`, `id_usuario`) values('198','2022-09-02 08:41:34','198','1','4188');
insert into `historico_pedidos` (`id`, `fecha`, `id_pedido`, `id_estado`, `id_usuario`) values('199','2022-09-02 08:41:34','199','1','4189');
insert into `historico_pedidos` (`id`, `fecha`, `id_pedido`, `id_estado`, `id_usuario`) values('200','2022-09-02 08:41:34','200','1','4190');
insert into `historico_pedidos` (`id`, `fecha`, `id_pedido`, `id_estado`, `id_usuario`) values('201','2022-09-02 08:41:34','201','1','4191');
insert into `historico_pedidos` (`id`, `fecha`, `id_pedido`, `id_estado`, `id_usuario`) values('202','2022-09-02 08:41:34','202','1','4192');
insert into `historico_pedidos` (`id`, `fecha`, `id_pedido`, `id_estado`, `id_usuario`) values('203','2022-09-02 08:41:34','203','1','4193');
insert into `historico_pedidos` (`id`, `fecha`, `id_pedido`, `id_estado`, `id_usuario`) values('204','2022-09-02 08:41:34','204','1','4194');
insert into `historico_pedidos` (`id`, `fecha`, `id_pedido`, `id_estado`, `id_usuario`) values('205','2022-09-02 08:41:34','205','1','4195');
insert into `historico_pedidos` (`id`, `fecha`, `id_pedido`, `id_estado`, `id_usuario`) values('206','2022-09-02 08:41:34','206','1','4196');
insert into `historico_pedidos` (`id`, `fecha`, `id_pedido`, `id_estado`, `id_usuario`) values('207','2022-09-02 08:41:34','207','1','4197');
insert into `historico_pedidos` (`id`, `fecha`, `id_pedido`, `id_estado`, `id_usuario`) values('208','2022-09-02 08:41:34','208','1','4198');
insert into `historico_pedidos` (`id`, `fecha`, `id_pedido`, `id_estado`, `id_usuario`) values('209','2022-09-02 08:41:34','209','1','4199');
insert into `historico_pedidos` (`id`, `fecha`, `id_pedido`, `id_estado`, `id_usuario`) values('210','2022-09-02 08:41:34','210','1','4200');
insert into `historico_pedidos` (`id`, `fecha`, `id_pedido`, `id_estado`, `id_usuario`) values('211','2022-09-02 08:41:34','211','1','4201');
insert into `historico_pedidos` (`id`, `fecha`, `id_pedido`, `id_estado`, `id_usuario`) values('212','2022-09-02 08:41:34','212','1','4202');
insert into `historico_pedidos` (`id`, `fecha`, `id_pedido`, `id_estado`, `id_usuario`) values('213','2022-09-02 08:41:34','213','1','4203');
insert into `historico_pedidos` (`id`, `fecha`, `id_pedido`, `id_estado`, `id_usuario`) values('214','2022-09-02 08:41:34','214','1','4204');
insert into `historico_pedidos` (`id`, `fecha`, `id_pedido`, `id_estado`, `id_usuario`) values('215','2022-09-02 08:41:34','215','1','4205');


/* TERMINAL PEDIDOS */
insert into `terminal_pedidos` (`id`, `cantidad`, `id_pedido`, `id_terminal_extra`, `id_terminal_nuevo`) values('160','1','160',NULL,'8258');
insert into `terminal_pedidos` (`id`, `cantidad`, `id_pedido`, `id_terminal_extra`, `id_terminal_nuevo`) values('161','1','161',NULL,'8259');
insert into `terminal_pedidos` (`id`, `cantidad`, `id_pedido`, `id_terminal_extra`, `id_terminal_nuevo`) values('162','1','162',NULL,'8260');
insert into `terminal_pedidos` (`id`, `cantidad`, `id_pedido`, `id_terminal_extra`, `id_terminal_nuevo`) values('163','1','163',NULL,'8261');
insert into `terminal_pedidos` (`id`, `cantidad`, `id_pedido`, `id_terminal_extra`, `id_terminal_nuevo`) values('164','1','164',NULL,'8262');
insert into `terminal_pedidos` (`id`, `cantidad`, `id_pedido`, `id_terminal_extra`, `id_terminal_nuevo`) values('165','1','165',NULL,'8263');
insert into `terminal_pedidos` (`id`, `cantidad`, `id_pedido`, `id_terminal_extra`, `id_terminal_nuevo`) values('166','1','166',NULL,'8264');
insert into `terminal_pedidos` (`id`, `cantidad`, `id_pedido`, `id_terminal_extra`, `id_terminal_nuevo`) values('167','1','167',NULL,'8265');
insert into `terminal_pedidos` (`id`, `cantidad`, `id_pedido`, `id_terminal_extra`, `id_terminal_nuevo`) values('168','1','168',NULL,'8266');
insert into `terminal_pedidos` (`id`, `cantidad`, `id_pedido`, `id_terminal_extra`, `id_terminal_nuevo`) values('169','1','169',NULL,'8267');
insert into `terminal_pedidos` (`id`, `cantidad`, `id_pedido`, `id_terminal_extra`, `id_terminal_nuevo`) values('170','1','170',NULL,'8268');
insert into `terminal_pedidos` (`id`, `cantidad`, `id_pedido`, `id_terminal_extra`, `id_terminal_nuevo`) values('171','1','171',NULL,'8269');
insert into `terminal_pedidos` (`id`, `cantidad`, `id_pedido`, `id_terminal_extra`, `id_terminal_nuevo`) values('172','1','172',NULL,'8270');
insert into `terminal_pedidos` (`id`, `cantidad`, `id_pedido`, `id_terminal_extra`, `id_terminal_nuevo`) values('173','1','173',NULL,'8271');
insert into `terminal_pedidos` (`id`, `cantidad`, `id_pedido`, `id_terminal_extra`, `id_terminal_nuevo`) values('174','1','174',NULL,'8272');
insert into `terminal_pedidos` (`id`, `cantidad`, `id_pedido`, `id_terminal_extra`, `id_terminal_nuevo`) values('175','1','175',NULL,'8273');
insert into `terminal_pedidos` (`id`, `cantidad`, `id_pedido`, `id_terminal_extra`, `id_terminal_nuevo`) values('176','1','176',NULL,'8274');
insert into `terminal_pedidos` (`id`, `cantidad`, `id_pedido`, `id_terminal_extra`, `id_terminal_nuevo`) values('177','1','177',NULL,'8275');
insert into `terminal_pedidos` (`id`, `cantidad`, `id_pedido`, `id_terminal_extra`, `id_terminal_nuevo`) values('178','1','178',NULL,'8276');
insert into `terminal_pedidos` (`id`, `cantidad`, `id_pedido`, `id_terminal_extra`, `id_terminal_nuevo`) values('179','1','179',NULL,'8277');
insert into `terminal_pedidos` (`id`, `cantidad`, `id_pedido`, `id_terminal_extra`, `id_terminal_nuevo`) values('180','1','180',NULL,'8278');
insert into `terminal_pedidos` (`id`, `cantidad`, `id_pedido`, `id_terminal_extra`, `id_terminal_nuevo`) values('181','1','181',NULL,'8279');
insert into `terminal_pedidos` (`id`, `cantidad`, `id_pedido`, `id_terminal_extra`, `id_terminal_nuevo`) values('182','1','182',NULL,'8280');
insert into `terminal_pedidos` (`id`, `cantidad`, `id_pedido`, `id_terminal_extra`, `id_terminal_nuevo`) values('183','1','183',NULL,'8281');
insert into `terminal_pedidos` (`id`, `cantidad`, `id_pedido`, `id_terminal_extra`, `id_terminal_nuevo`) values('184','1','184',NULL,'8282');
insert into `terminal_pedidos` (`id`, `cantidad`, `id_pedido`, `id_terminal_extra`, `id_terminal_nuevo`) values('185','1','185',NULL,'8283');
insert into `terminal_pedidos` (`id`, `cantidad`, `id_pedido`, `id_terminal_extra`, `id_terminal_nuevo`) values('186','1','186',NULL,'8284');
insert into `terminal_pedidos` (`id`, `cantidad`, `id_pedido`, `id_terminal_extra`, `id_terminal_nuevo`) values('187','1','187',NULL,'8285');
insert into `terminal_pedidos` (`id`, `cantidad`, `id_pedido`, `id_terminal_extra`, `id_terminal_nuevo`) values('188','1','188',NULL,'8286');
insert into `terminal_pedidos` (`id`, `cantidad`, `id_pedido`, `id_terminal_extra`, `id_terminal_nuevo`) values('189','1','189',NULL,'8287');
insert into `terminal_pedidos` (`id`, `cantidad`, `id_pedido`, `id_terminal_extra`, `id_terminal_nuevo`) values('190','1','190',NULL,'8288');
insert into `terminal_pedidos` (`id`, `cantidad`, `id_pedido`, `id_terminal_extra`, `id_terminal_nuevo`) values('191','1','191',NULL,'8289');
insert into `terminal_pedidos` (`id`, `cantidad`, `id_pedido`, `id_terminal_extra`, `id_terminal_nuevo`) values('192','1','192',NULL,'8290');
insert into `terminal_pedidos` (`id`, `cantidad`, `id_pedido`, `id_terminal_extra`, `id_terminal_nuevo`) values('193','1','193',NULL,'8291');
insert into `terminal_pedidos` (`id`, `cantidad`, `id_pedido`, `id_terminal_extra`, `id_terminal_nuevo`) values('194','1','194',NULL,'8292');
insert into `terminal_pedidos` (`id`, `cantidad`, `id_pedido`, `id_terminal_extra`, `id_terminal_nuevo`) values('195','1','195',NULL,'8293');
insert into `terminal_pedidos` (`id`, `cantidad`, `id_pedido`, `id_terminal_extra`, `id_terminal_nuevo`) values('196','1','196',NULL,'8294');
insert into `terminal_pedidos` (`id`, `cantidad`, `id_pedido`, `id_terminal_extra`, `id_terminal_nuevo`) values('197','1','197',NULL,'8295');
insert into `terminal_pedidos` (`id`, `cantidad`, `id_pedido`, `id_terminal_extra`, `id_terminal_nuevo`) values('198','1','198',NULL,'8296');
insert into `terminal_pedidos` (`id`, `cantidad`, `id_pedido`, `id_terminal_extra`, `id_terminal_nuevo`) values('199','1','199',NULL,'8297');
insert into `terminal_pedidos` (`id`, `cantidad`, `id_pedido`, `id_terminal_extra`, `id_terminal_nuevo`) values('200','1','200',NULL,'8298');
insert into `terminal_pedidos` (`id`, `cantidad`, `id_pedido`, `id_terminal_extra`, `id_terminal_nuevo`) values('201','1','201',NULL,'8299');
insert into `terminal_pedidos` (`id`, `cantidad`, `id_pedido`, `id_terminal_extra`, `id_terminal_nuevo`) values('202','1','202',NULL,'8300');
insert into `terminal_pedidos` (`id`, `cantidad`, `id_pedido`, `id_terminal_extra`, `id_terminal_nuevo`) values('203','1','203',NULL,'8301');
insert into `terminal_pedidos` (`id`, `cantidad`, `id_pedido`, `id_terminal_extra`, `id_terminal_nuevo`) values('204','1','204',NULL,'8302');
insert into `terminal_pedidos` (`id`, `cantidad`, `id_pedido`, `id_terminal_extra`, `id_terminal_nuevo`) values('205','1','205',NULL,'8303');
insert into `terminal_pedidos` (`id`, `cantidad`, `id_pedido`, `id_terminal_extra`, `id_terminal_nuevo`) values('206','1','206',NULL,'8304');
insert into `terminal_pedidos` (`id`, `cantidad`, `id_pedido`, `id_terminal_extra`, `id_terminal_nuevo`) values('207','1','207',NULL,'8305');
insert into `terminal_pedidos` (`id`, `cantidad`, `id_pedido`, `id_terminal_extra`, `id_terminal_nuevo`) values('208','1','208',NULL,'8306');
insert into `terminal_pedidos` (`id`, `cantidad`, `id_pedido`, `id_terminal_extra`, `id_terminal_nuevo`) values('209','1','209',NULL,'8307');
insert into `terminal_pedidos` (`id`, `cantidad`, `id_pedido`, `id_terminal_extra`, `id_terminal_nuevo`) values('210','1','210',NULL,'8308');
insert into `terminal_pedidos` (`id`, `cantidad`, `id_pedido`, `id_terminal_extra`, `id_terminal_nuevo`) values('211','1','211',NULL,'8309');
insert into `terminal_pedidos` (`id`, `cantidad`, `id_pedido`, `id_terminal_extra`, `id_terminal_nuevo`) values('212','1','212',NULL,'8310');
insert into `terminal_pedidos` (`id`, `cantidad`, `id_pedido`, `id_terminal_extra`, `id_terminal_nuevo`) values('213','1','213',NULL,'8311');
insert into `terminal_pedidos` (`id`, `cantidad`, `id_pedido`, `id_terminal_extra`, `id_terminal_nuevo`) values('214','1','214',NULL,'8312');
insert into `terminal_pedidos` (`id`, `cantidad`, `id_pedido`, `id_terminal_extra`, `id_terminal_nuevo`) values('215','1','215',NULL,'8313');
