/* ENVIOS */
insert into `envios` (`id`, `nombre`, `apellidos`, `dni`, `direccion`, `provincia`, `poblacion`, `cod_postal`, `telefono`, `comentario`, `email`, `seguimiento`, `codigo_zeleris`, `estado`) values('100','Nombre','Apellidos','53740617J','dirección','Madrid','Madrid','28080','622056855',NULL,'daniel.guerra@experienceis.com',NULL,NULL,NULL);
insert into `envios` (`id`, `nombre`, `apellidos`, `dni`, `direccion`, `provincia`, `poblacion`, `cod_postal`, `telefono`, `comentario`, `email`, `seguimiento`, `codigo_zeleris`, `estado`) values('101','Nombre','Apellidos','53740617J','dirección','Madrid','Madrid','28080','622056855',NULL,'daniel.guerra@experienceis.com',NULL,NULL,NULL);
insert into `envios` (`id`, `nombre`, `apellidos`, `dni`, `direccion`, `provincia`, `poblacion`, `cod_postal`, `telefono`, `comentario`, `email`, `seguimiento`, `codigo_zeleris`, `estado`) values('102','Nombre','Apellidos','53740617J','dirección','Madrid','Madrid','28080','622056855',NULL,'daniel.guerra@experienceis.com',NULL,NULL,NULL);
insert into `envios` (`id`, `nombre`, `apellidos`, `dni`, `direccion`, `provincia`, `poblacion`, `cod_postal`, `telefono`, `comentario`, `email`, `seguimiento`, `codigo_zeleris`, `estado`) values('103','Nombre','Apellidos','53740617J','dirección','Madrid','Madrid','28080','622056855',NULL,'daniel.guerra@experienceis.com',NULL,NULL,NULL);
insert into `envios` (`id`, `nombre`, `apellidos`, `dni`, `direccion`, `provincia`, `poblacion`, `cod_postal`, `telefono`, `comentario`, `email`, `seguimiento`, `codigo_zeleris`, `estado`) values('104','Nombre','Apellidos','53740617J','dirección','Madrid','Madrid','28080','622056855',NULL,'daniel.guerra@experienceis.com',NULL,NULL,NULL);
insert into `envios` (`id`, `nombre`, `apellidos`, `dni`, `direccion`, `provincia`, `poblacion`, `cod_postal`, `telefono`, `comentario`, `email`, `seguimiento`, `codigo_zeleris`, `estado`) values('105','Nombre','Apellidos','53740617J','dirección','Madrid','Madrid','28080','622056855',NULL,'daniel.guerra@experienceis.com',NULL,NULL,NULL);
insert into `envios` (`id`, `nombre`, `apellidos`, `dni`, `direccion`, `provincia`, `poblacion`, `cod_postal`, `telefono`, `comentario`, `email`, `seguimiento`, `codigo_zeleris`, `estado`) values('106','Nombre','Apellidos','53740617J','dirección','Madrid','Madrid','28080','622056855',NULL,'daniel.guerra@experienceis.com',NULL,NULL,NULL);
insert into `envios` (`id`, `nombre`, `apellidos`, `dni`, `direccion`, `provincia`, `poblacion`, `cod_postal`, `telefono`, `comentario`, `email`, `seguimiento`, `codigo_zeleris`, `estado`) values('107','Nombre','Apellidos','53740617J','dirección','Madrid','Madrid','28080','622056855',NULL,'daniel.guerra@experienceis.com',NULL,NULL,NULL);
insert into `envios` (`id`, `nombre`, `apellidos`, `dni`, `direccion`, `provincia`, `poblacion`, `cod_postal`, `telefono`, `comentario`, `email`, `seguimiento`, `codigo_zeleris`, `estado`) values('108','Nombre','Apellidos','53740617J','dirección','Madrid','Madrid','28080','622056855',NULL,'daniel.guerra@experienceis.com',NULL,NULL,NULL);
insert into `envios` (`id`, `nombre`, `apellidos`, `dni`, `direccion`, `provincia`, `poblacion`, `cod_postal`, `telefono`, `comentario`, `email`, `seguimiento`, `codigo_zeleris`, `estado`) values('109','Nombre','Apellidos','53740617J','dirección','Madrid','Madrid','28080','622056855',NULL,'daniel.guerra@experienceis.com',NULL,NULL,NULL);
insert into `envios` (`id`, `nombre`, `apellidos`, `dni`, `direccion`, `provincia`, `poblacion`, `cod_postal`, `telefono`, `comentario`, `email`, `seguimiento`, `codigo_zeleris`, `estado`) values('110','Nombre','Apellidos','53740617J','dirección','Madrid','Madrid','28080','622056855',NULL,'daniel.guerra@experienceis.com',NULL,NULL,NULL);
insert into `envios` (`id`, `nombre`, `apellidos`, `dni`, `direccion`, `provincia`, `poblacion`, `cod_postal`, `telefono`, `comentario`, `email`, `seguimiento`, `codigo_zeleris`, `estado`) values('111','Nombre','Apellidos','53740617J','dirección','Madrid','Madrid','28080','622056855',NULL,'daniel.guerra@experienceis.com',NULL,NULL,NULL);
insert into `envios` (`id`, `nombre`, `apellidos`, `dni`, `direccion`, `provincia`, `poblacion`, `cod_postal`, `telefono`, `comentario`, `email`, `seguimiento`, `codigo_zeleris`, `estado`) values('112','Nombre','Apellidos','53740617J','dirección','Madrid','Madrid','28080','622056855',NULL,'daniel.guerra@experienceis.com',NULL,NULL,NULL);
insert into `envios` (`id`, `nombre`, `apellidos`, `dni`, `direccion`, `provincia`, `poblacion`, `cod_postal`, `telefono`, `comentario`, `email`, `seguimiento`, `codigo_zeleris`, `estado`) values('113','Nombre','Apellidos','53740617J','dirección','Madrid','Madrid','28080','622056855',NULL,'daniel.guerra@experienceis.com',NULL,NULL,NULL);
insert into `envios` (`id`, `nombre`, `apellidos`, `dni`, `direccion`, `provincia`, `poblacion`, `cod_postal`, `telefono`, `comentario`, `email`, `seguimiento`, `codigo_zeleris`, `estado`) values('114','Nombre','Apellidos','53740617J','dirección','Madrid','Madrid','28080','622056855',NULL,'daniel.guerra@experienceis.com',NULL,NULL,NULL);
insert into `envios` (`id`, `nombre`, `apellidos`, `dni`, `direccion`, `provincia`, `poblacion`, `cod_postal`, `telefono`, `comentario`, `email`, `seguimiento`, `codigo_zeleris`, `estado`) values('115','Nombre','Apellidos','53740617J','dirección','Madrid','Madrid','28080','622056855',NULL,'daniel.guerra@experienceis.com',NULL,NULL,NULL);
insert into `envios` (`id`, `nombre`, `apellidos`, `dni`, `direccion`, `provincia`, `poblacion`, `cod_postal`, `telefono`, `comentario`, `email`, `seguimiento`, `codigo_zeleris`, `estado`) values('116','Nombre','Apellidos','53740617J','dirección','Madrid','Madrid','28080','622056855',NULL,'daniel.guerra@experienceis.com',NULL,NULL,NULL);
insert into `envios` (`id`, `nombre`, `apellidos`, `dni`, `direccion`, `provincia`, `poblacion`, `cod_postal`, `telefono`, `comentario`, `email`, `seguimiento`, `codigo_zeleris`, `estado`) values('117','Nombre','Apellidos','53740617J','dirección','Madrid','Madrid','28080','622056855',NULL,'daniel.guerra@experienceis.com',NULL,NULL,NULL);
insert into `envios` (`id`, `nombre`, `apellidos`, `dni`, `direccion`, `provincia`, `poblacion`, `cod_postal`, `telefono`, `comentario`, `email`, `seguimiento`, `codigo_zeleris`, `estado`) values('118','Nombre','Apellidos','53740617J','dirección','Madrid','Madrid','28080','622056855',NULL,'daniel.guerra@experienceis.com',NULL,NULL,NULL);
insert into `envios` (`id`, `nombre`, `apellidos`, `dni`, `direccion`, `provincia`, `poblacion`, `cod_postal`, `telefono`, `comentario`, `email`, `seguimiento`, `codigo_zeleris`, `estado`) values('119','Nombre','Apellidos','53740617J','dirección','Madrid','Madrid','28080','622056855',NULL,'daniel.guerra@experienceis.com',NULL,NULL,NULL);
insert into `envios` (`id`, `nombre`, `apellidos`, `dni`, `direccion`, `provincia`, `poblacion`, `cod_postal`, `telefono`, `comentario`, `email`, `seguimiento`, `codigo_zeleris`, `estado`) values('120','Nombre','Apellidos','53740617J','dirección','Madrid','Madrid','28080','622056855',NULL,'daniel.guerra@experienceis.com',NULL,NULL,NULL);
insert into `envios` (`id`, `nombre`, `apellidos`, `dni`, `direccion`, `provincia`, `poblacion`, `cod_postal`, `telefono`, `comentario`, `email`, `seguimiento`, `codigo_zeleris`, `estado`) values('121','Nombre','Apellidos','53740617J','dirección','Madrid','Madrid','28080','622056855',NULL,'daniel.guerra@experienceis.com',NULL,NULL,NULL);
insert into `envios` (`id`, `nombre`, `apellidos`, `dni`, `direccion`, `provincia`, `poblacion`, `cod_postal`, `telefono`, `comentario`, `email`, `seguimiento`, `codigo_zeleris`, `estado`) values('122','Nombre','Apellidos','53740617J','dirección','Madrid','Madrid','28080','622056855',NULL,'daniel.guerra@experienceis.com',NULL,NULL,NULL);
insert into `envios` (`id`, `nombre`, `apellidos`, `dni`, `direccion`, `provincia`, `poblacion`, `cod_postal`, `telefono`, `comentario`, `email`, `seguimiento`, `codigo_zeleris`, `estado`) values('123','Nombre','Apellidos','53740617J','dirección','Madrid','Madrid','28080','622056855',NULL,'daniel.guerra@experienceis.com',NULL,NULL,NULL);
insert into `envios` (`id`, `nombre`, `apellidos`, `dni`, `direccion`, `provincia`, `poblacion`, `cod_postal`, `telefono`, `comentario`, `email`, `seguimiento`, `codigo_zeleris`, `estado`) values('124','Nombre','Apellidos','53740617J','dirección','Madrid','Madrid','28080','622056855',NULL,'daniel.guerra@experienceis.com',NULL,NULL,NULL);
insert into `envios` (`id`, `nombre`, `apellidos`, `dni`, `direccion`, `provincia`, `poblacion`, `cod_postal`, `telefono`, `comentario`, `email`, `seguimiento`, `codigo_zeleris`, `estado`) values('125','Nombre','Apellidos','53740617J','dirección','Madrid','Madrid','28080','622056855',NULL,'daniel.guerra@experienceis.com',NULL,NULL,NULL);
insert into `envios` (`id`, `nombre`, `apellidos`, `dni`, `direccion`, `provincia`, `poblacion`, `cod_postal`, `telefono`, `comentario`, `email`, `seguimiento`, `codigo_zeleris`, `estado`) values('126','Nombre','Apellidos','53740617J','dirección','Madrid','Madrid','28080','622056855',NULL,'daniel.guerra@experienceis.com',NULL,NULL,NULL);
insert into `envios` (`id`, `nombre`, `apellidos`, `dni`, `direccion`, `provincia`, `poblacion`, `cod_postal`, `telefono`, `comentario`, `email`, `seguimiento`, `codigo_zeleris`, `estado`) values('127','Nombre','Apellidos','53740617J','dirección','Madrid','Madrid','28080','622056855',NULL,'daniel.guerra@experienceis.com',NULL,NULL,NULL);
insert into `envios` (`id`, `nombre`, `apellidos`, `dni`, `direccion`, `provincia`, `poblacion`, `cod_postal`, `telefono`, `comentario`, `email`, `seguimiento`, `codigo_zeleris`, `estado`) values('128','Nombre','Apellidos','53740617J','dirección','Madrid','Madrid','28080','622056855',NULL,'daniel.guerra@experienceis.com',NULL,NULL,NULL);
insert into `envios` (`id`, `nombre`, `apellidos`, `dni`, `direccion`, `provincia`, `poblacion`, `cod_postal`, `telefono`, `comentario`, `email`, `seguimiento`, `codigo_zeleris`, `estado`) values('129','Nombre','Apellidos','53740617J','dirección','Madrid','Madrid','28080','622056855',NULL,'daniel.guerra@experienceis.com',NULL,NULL,NULL);
/* Envios a domicilio finalizados */
insert into `envios` (`id`, `nombre`, `apellidos`, `dni`, `direccion`, `provincia`, `poblacion`, `cod_postal`, `telefono`, `comentario`, `email`, `seguimiento`, `codigo_zeleris`, `estado`) values('130','Nombre','Apellidos','53740617J','dirección','Madrid','Madrid','28080','622056855',NULL,'daniel.guerra@experienceis.com',NULL,NULL,"FIN");
insert into `envios` (`id`, `nombre`, `apellidos`, `dni`, `direccion`, `provincia`, `poblacion`, `cod_postal`, `telefono`, `comentario`, `email`, `seguimiento`, `codigo_zeleris`, `estado`) values('131','Nombre','Apellidos','53740617J','dirección','Madrid','Madrid','28080','622056855',NULL,'daniel.guerra@experienceis.com',NULL,NULL,"FIN");
insert into `envios` (`id`, `nombre`, `apellidos`, `dni`, `direccion`, `provincia`, `poblacion`, `cod_postal`, `telefono`, `comentario`, `email`, `seguimiento`, `codigo_zeleris`, `estado`) values('132','Nombre','Apellidos','53740617J','dirección','Madrid','Madrid','28080','622056855',NULL,'daniel.guerra@experienceis.com',NULL,NULL,"FIN");
insert into `envios` (`id`, `nombre`, `apellidos`, `dni`, `direccion`, `provincia`, `poblacion`, `cod_postal`, `telefono`, `comentario`, `email`, `seguimiento`, `codigo_zeleris`, `estado`) values('133','Nombre','Apellidos','53740617J','dirección','Madrid','Madrid','28080','622056855',NULL,'daniel.guerra@experienceis.com',NULL,NULL,"FIN");
insert into `envios` (`id`, `nombre`, `apellidos`, `dni`, `direccion`, `provincia`, `poblacion`, `cod_postal`, `telefono`, `comentario`, `email`, `seguimiento`, `codigo_zeleris`, `estado`) values('134','Nombre','Apellidos','53740617J','dirección','Madrid','Madrid','28080','622056855',NULL,'daniel.guerra@experienceis.com',NULL,NULL,"FIN");
insert into `envios` (`id`, `nombre`, `apellidos`, `dni`, `direccion`, `provincia`, `poblacion`, `cod_postal`, `telefono`, `comentario`, `email`, `seguimiento`, `codigo_zeleris`, `estado`) values('135','Nombre','Apellidos','53740617J','dirección','Madrid','Madrid','28080','622056855',NULL,'daniel.guerra@experienceis.com',NULL,NULL,"FIN");
insert into `envios` (`id`, `nombre`, `apellidos`, `dni`, `direccion`, `provincia`, `poblacion`, `cod_postal`, `telefono`, `comentario`, `email`, `seguimiento`, `codigo_zeleris`, `estado`) values('136','Nombre','Apellidos','53740617J','dirección','Madrid','Madrid','28080','622056855',NULL,'daniel.guerra@experienceis.com',NULL,NULL,"FIN");
insert into `envios` (`id`, `nombre`, `apellidos`, `dni`, `direccion`, `provincia`, `poblacion`, `cod_postal`, `telefono`, `comentario`, `email`, `seguimiento`, `codigo_zeleris`, `estado`) values('137','Nombre','Apellidos','53740617J','dirección','Madrid','Madrid','28080','622056855',NULL,'daniel.guerra@experienceis.com',NULL,NULL,"FIN");
insert into `envios` (`id`, `nombre`, `apellidos`, `dni`, `direccion`, `provincia`, `poblacion`, `cod_postal`, `telefono`, `comentario`, `email`, `seguimiento`, `codigo_zeleris`, `estado`) values('138','Nombre','Apellidos','53740617J','dirección','Madrid','Madrid','28080','622056855',NULL,'daniel.guerra@experienceis.com',NULL,NULL,"FIN");
insert into `envios` (`id`, `nombre`, `apellidos`, `dni`, `direccion`, `provincia`, `poblacion`, `cod_postal`, `telefono`, `comentario`, `email`, `seguimiento`, `codigo_zeleris`, `estado`) values('139','Nombre','Apellidos','53740617J','dirección','Madrid','Madrid','28080','622056855',NULL,'daniel.guerra@experienceis.com',NULL,NULL,"FIN");
insert into `envios` (`id`, `nombre`, `apellidos`, `dni`, `direccion`, `provincia`, `poblacion`, `cod_postal`, `telefono`, `comentario`, `email`, `seguimiento`, `codigo_zeleris`, `estado`) values('140','Nombre','Apellidos','53740617J','dirección','Madrid','Madrid','28080','622056855',NULL,'daniel.guerra@experienceis.com',NULL,NULL,"FIN");
insert into `envios` (`id`, `nombre`, `apellidos`, `dni`, `direccion`, `provincia`, `poblacion`, `cod_postal`, `telefono`, `comentario`, `email`, `seguimiento`, `codigo_zeleris`, `estado`) values('141','Nombre','Apellidos','53740617J','dirección','Madrid','Madrid','28080','622056855',NULL,'daniel.guerra@experienceis.com',NULL,NULL,"FIN");
insert into `envios` (`id`, `nombre`, `apellidos`, `dni`, `direccion`, `provincia`, `poblacion`, `cod_postal`, `telefono`, `comentario`, `email`, `seguimiento`, `codigo_zeleris`, `estado`) values('142','Nombre','Apellidos','53740617J','dirección','Madrid','Madrid','28080','622056855',NULL,'daniel.guerra@experienceis.com',NULL,NULL,"FIN");
insert into `envios` (`id`, `nombre`, `apellidos`, `dni`, `direccion`, `provincia`, `poblacion`, `cod_postal`, `telefono`, `comentario`, `email`, `seguimiento`, `codigo_zeleris`, `estado`) values('143','Nombre','Apellidos','53740617J','dirección','Madrid','Madrid','28080','622056855',NULL,'daniel.guerra@experienceis.com',NULL,NULL,"FIN");
insert into `envios` (`id`, `nombre`, `apellidos`, `dni`, `direccion`, `provincia`, `poblacion`, `cod_postal`, `telefono`, `comentario`, `email`, `seguimiento`, `codigo_zeleris`, `estado`) values('144','Nombre','Apellidos','53740617J','dirección','Madrid','Madrid','28080','622056855',NULL,'daniel.guerra@experienceis.com',NULL,NULL,"FIN");
insert into `envios` (`id`, `nombre`, `apellidos`, `dni`, `direccion`, `provincia`, `poblacion`, `cod_postal`, `telefono`, `comentario`, `email`, `seguimiento`, `codigo_zeleris`, `estado`) values('145','Nombre','Apellidos','53740617J','dirección','Madrid','Madrid','28080','622056855',NULL,'daniel.guerra@experienceis.com',NULL,NULL,"FIN");
insert into `envios` (`id`, `nombre`, `apellidos`, `dni`, `direccion`, `provincia`, `poblacion`, `cod_postal`, `telefono`, `comentario`, `email`, `seguimiento`, `codigo_zeleris`, `estado`) values('146','Nombre','Apellidos','53740617J','dirección','Madrid','Madrid','28080','622056855',NULL,'daniel.guerra@experienceis.com',NULL,NULL,"FIN");
insert into `envios` (`id`, `nombre`, `apellidos`, `dni`, `direccion`, `provincia`, `poblacion`, `cod_postal`, `telefono`, `comentario`, `email`, `seguimiento`, `codigo_zeleris`, `estado`) values('147','Nombre','Apellidos','53740617J','dirección','Madrid','Madrid','28080','622056855',NULL,'daniel.guerra@experienceis.com',NULL,NULL,"FIN");
insert into `envios` (`id`, `nombre`, `apellidos`, `dni`, `direccion`, `provincia`, `poblacion`, `cod_postal`, `telefono`, `comentario`, `email`, `seguimiento`, `codigo_zeleris`, `estado`) values('148','Nombre','Apellidos','53740617J','dirección','Madrid','Madrid','28080','622056855',NULL,'daniel.guerra@experienceis.com',NULL,NULL,"FIN");
insert into `envios` (`id`, `nombre`, `apellidos`, `dni`, `direccion`, `provincia`, `poblacion`, `cod_postal`, `telefono`, `comentario`, `email`, `seguimiento`, `codigo_zeleris`, `estado`) values('149','Nombre','Apellidos','53740617J','dirección','Madrid','Madrid','28080','622056855',NULL,'daniel.guerra@experienceis.com',NULL,NULL,"FIN");
insert into `envios` (`id`, `nombre`, `apellidos`, `dni`, `direccion`, `provincia`, `poblacion`, `cod_postal`, `telefono`, `comentario`, `email`, `seguimiento`, `codigo_zeleris`, `estado`) values('150','Nombre','Apellidos','53740617J','dirección','Madrid','Madrid','28080','622056855',NULL,'daniel.guerra@experienceis.com',NULL,NULL,"FIN");

/* PEDIDOS */
insert into `pedidos` (`id`, `adquirir_antiguo`, `envio_domicilio`, `fecha_crea`, `fecha_modi`, `motivo_domicilio`, `comentario`, `id_estado`, `id_usuario`, `id_sede_entrega`, `id_envio`) values('100','1','1','2022-08-25 14:12:23','2022-08-30 14:33:13','CL',NULL,'2','350',NULL,'100');
insert into `pedidos` (`id`, `adquirir_antiguo`, `envio_domicilio`, `fecha_crea`, `fecha_modi`, `motivo_domicilio`, `comentario`, `id_estado`, `id_usuario`, `id_sede_entrega`, `id_envio`) values('101','1','1','2022-08-25 14:12:23','2022-08-30 14:33:13','CL',NULL,'2','351',NULL,'101');
insert into `pedidos` (`id`, `adquirir_antiguo`, `envio_domicilio`, `fecha_crea`, `fecha_modi`, `motivo_domicilio`, `comentario`, `id_estado`, `id_usuario`, `id_sede_entrega`, `id_envio`) values('102','1','1','2022-08-25 14:12:23','2022-08-30 14:33:13','CL',NULL,'2','352',NULL,'102');
insert into `pedidos` (`id`, `adquirir_antiguo`, `envio_domicilio`, `fecha_crea`, `fecha_modi`, `motivo_domicilio`, `comentario`, `id_estado`, `id_usuario`, `id_sede_entrega`, `id_envio`) values('103','1','1','2022-08-25 14:12:23','2022-08-30 14:33:13','CL',NULL,'2','353',NULL,'103');
insert into `pedidos` (`id`, `adquirir_antiguo`, `envio_domicilio`, `fecha_crea`, `fecha_modi`, `motivo_domicilio`, `comentario`, `id_estado`, `id_usuario`, `id_sede_entrega`, `id_envio`) values('104','1','1','2022-08-25 14:12:23','2022-08-30 14:33:13','CL',NULL,'2','354',NULL,'104');
insert into `pedidos` (`id`, `adquirir_antiguo`, `envio_domicilio`, `fecha_crea`, `fecha_modi`, `motivo_domicilio`, `comentario`, `id_estado`, `id_usuario`, `id_sede_entrega`, `id_envio`) values('105','1','1','2022-08-25 14:12:23','2022-08-30 14:33:13','CL',NULL,'2','355',NULL,'105');
insert into `pedidos` (`id`, `adquirir_antiguo`, `envio_domicilio`, `fecha_crea`, `fecha_modi`, `motivo_domicilio`, `comentario`, `id_estado`, `id_usuario`, `id_sede_entrega`, `id_envio`) values('106','1','1','2022-08-25 14:12:23','2022-08-30 14:33:13','CL',NULL,'2','356',NULL,'106');
insert into `pedidos` (`id`, `adquirir_antiguo`, `envio_domicilio`, `fecha_crea`, `fecha_modi`, `motivo_domicilio`, `comentario`, `id_estado`, `id_usuario`, `id_sede_entrega`, `id_envio`) values('107','1','1','2022-08-25 14:12:23','2022-08-30 14:33:13','CL',NULL,'2','357',NULL,'107');
insert into `pedidos` (`id`, `adquirir_antiguo`, `envio_domicilio`, `fecha_crea`, `fecha_modi`, `motivo_domicilio`, `comentario`, `id_estado`, `id_usuario`, `id_sede_entrega`, `id_envio`) values('108','1','1','2022-08-25 14:12:23','2022-08-30 14:33:13','CL',NULL,'2','358',NULL,'108');
insert into `pedidos` (`id`, `adquirir_antiguo`, `envio_domicilio`, `fecha_crea`, `fecha_modi`, `motivo_domicilio`, `comentario`, `id_estado`, `id_usuario`, `id_sede_entrega`, `id_envio`) values('109','1','1','2022-08-25 14:12:23','2022-08-30 14:33:13','CL',NULL,'2','359',NULL,'109');
insert into `pedidos` (`id`, `adquirir_antiguo`, `envio_domicilio`, `fecha_crea`, `fecha_modi`, `motivo_domicilio`, `comentario`, `id_estado`, `id_usuario`, `id_sede_entrega`, `id_envio`) values('110','1','1','2022-08-25 14:12:23','2022-08-30 14:33:13','CL',NULL,'2','360',NULL,'110');
insert into `pedidos` (`id`, `adquirir_antiguo`, `envio_domicilio`, `fecha_crea`, `fecha_modi`, `motivo_domicilio`, `comentario`, `id_estado`, `id_usuario`, `id_sede_entrega`, `id_envio`) values('111','1','1','2022-08-25 14:12:23','2022-08-30 14:33:13','CL',NULL,'2','361',NULL,'111');
insert into `pedidos` (`id`, `adquirir_antiguo`, `envio_domicilio`, `fecha_crea`, `fecha_modi`, `motivo_domicilio`, `comentario`, `id_estado`, `id_usuario`, `id_sede_entrega`, `id_envio`) values('112','1','1','2022-08-25 14:12:23','2022-08-30 14:33:13','CL',NULL,'2','362',NULL,'112');
insert into `pedidos` (`id`, `adquirir_antiguo`, `envio_domicilio`, `fecha_crea`, `fecha_modi`, `motivo_domicilio`, `comentario`, `id_estado`, `id_usuario`, `id_sede_entrega`, `id_envio`) values('113','1','1','2022-08-25 14:12:23','2022-08-30 14:33:13','CL',NULL,'2','363',NULL,'113');
insert into `pedidos` (`id`, `adquirir_antiguo`, `envio_domicilio`, `fecha_crea`, `fecha_modi`, `motivo_domicilio`, `comentario`, `id_estado`, `id_usuario`, `id_sede_entrega`, `id_envio`) values('114','1','1','2022-08-25 14:12:23','2022-08-30 14:33:13','CL',NULL,'2','364',NULL,'114');
insert into `pedidos` (`id`, `adquirir_antiguo`, `envio_domicilio`, `fecha_crea`, `fecha_modi`, `motivo_domicilio`, `comentario`, `id_estado`, `id_usuario`, `id_sede_entrega`, `id_envio`) values('115','1','1','2022-08-25 14:12:23','2022-08-30 14:33:13','CL',NULL,'2','365',NULL,'115');
insert into `pedidos` (`id`, `adquirir_antiguo`, `envio_domicilio`, `fecha_crea`, `fecha_modi`, `motivo_domicilio`, `comentario`, `id_estado`, `id_usuario`, `id_sede_entrega`, `id_envio`) values('116','1','1','2022-08-25 14:12:23','2022-08-30 14:33:13','CL',NULL,'2','366',NULL,'116');
insert into `pedidos` (`id`, `adquirir_antiguo`, `envio_domicilio`, `fecha_crea`, `fecha_modi`, `motivo_domicilio`, `comentario`, `id_estado`, `id_usuario`, `id_sede_entrega`, `id_envio`) values('117','1','1','2022-08-25 14:12:23','2022-08-30 14:33:13','CL',NULL,'2','367',NULL,'117');
insert into `pedidos` (`id`, `adquirir_antiguo`, `envio_domicilio`, `fecha_crea`, `fecha_modi`, `motivo_domicilio`, `comentario`, `id_estado`, `id_usuario`, `id_sede_entrega`, `id_envio`) values('118','1','1','2022-08-25 14:12:23','2022-08-30 14:33:13','CL',NULL,'2','368',NULL,'118');
insert into `pedidos` (`id`, `adquirir_antiguo`, `envio_domicilio`, `fecha_crea`, `fecha_modi`, `motivo_domicilio`, `comentario`, `id_estado`, `id_usuario`, `id_sede_entrega`, `id_envio`) values('119','1','1','2022-08-25 14:12:23','2022-08-30 14:33:13','CL',NULL,'2','369',NULL,'119');
insert into `pedidos` (`id`, `adquirir_antiguo`, `envio_domicilio`, `fecha_crea`, `fecha_modi`, `motivo_domicilio`, `comentario`, `id_estado`, `id_usuario`, `id_sede_entrega`, `id_envio`) values('120','1','1','2022-08-25 14:12:23','2022-08-30 14:33:13','CL',NULL,'2','370',NULL,'120');
insert into `pedidos` (`id`, `adquirir_antiguo`, `envio_domicilio`, `fecha_crea`, `fecha_modi`, `motivo_domicilio`, `comentario`, `id_estado`, `id_usuario`, `id_sede_entrega`, `id_envio`) values('121','1','1','2022-08-25 14:12:23','2022-08-30 14:33:13','CL',NULL,'2','371',NULL,'121');
insert into `pedidos` (`id`, `adquirir_antiguo`, `envio_domicilio`, `fecha_crea`, `fecha_modi`, `motivo_domicilio`, `comentario`, `id_estado`, `id_usuario`, `id_sede_entrega`, `id_envio`) values('122','1','1','2022-08-25 14:12:23','2022-08-30 14:33:13','CL',NULL,'2','372',NULL,'122');
insert into `pedidos` (`id`, `adquirir_antiguo`, `envio_domicilio`, `fecha_crea`, `fecha_modi`, `motivo_domicilio`, `comentario`, `id_estado`, `id_usuario`, `id_sede_entrega`, `id_envio`) values('123','1','1','2022-08-25 14:12:23','2022-08-30 14:33:13','CL',NULL,'2','373',NULL,'123');
insert into `pedidos` (`id`, `adquirir_antiguo`, `envio_domicilio`, `fecha_crea`, `fecha_modi`, `motivo_domicilio`, `comentario`, `id_estado`, `id_usuario`, `id_sede_entrega`, `id_envio`) values('124','1','1','2022-08-25 14:12:23','2022-08-30 14:33:13','CL',NULL,'2','374',NULL,'124');
insert into `pedidos` (`id`, `adquirir_antiguo`, `envio_domicilio`, `fecha_crea`, `fecha_modi`, `motivo_domicilio`, `comentario`, `id_estado`, `id_usuario`, `id_sede_entrega`, `id_envio`) values('125','1','1','2022-08-25 14:12:23','2022-08-30 14:33:13','CL',NULL,'2','375',NULL,'125');
insert into `pedidos` (`id`, `adquirir_antiguo`, `envio_domicilio`, `fecha_crea`, `fecha_modi`, `motivo_domicilio`, `comentario`, `id_estado`, `id_usuario`, `id_sede_entrega`, `id_envio`) values('126','1','1','2022-08-25 14:12:23','2022-08-30 14:33:13','CL',NULL,'2','376',NULL,'126');
insert into `pedidos` (`id`, `adquirir_antiguo`, `envio_domicilio`, `fecha_crea`, `fecha_modi`, `motivo_domicilio`, `comentario`, `id_estado`, `id_usuario`, `id_sede_entrega`, `id_envio`) values('127','1','1','2022-08-25 14:12:23','2022-08-30 14:33:13','CL',NULL,'2','377',NULL,'127');
insert into `pedidos` (`id`, `adquirir_antiguo`, `envio_domicilio`, `fecha_crea`, `fecha_modi`, `motivo_domicilio`, `comentario`, `id_estado`, `id_usuario`, `id_sede_entrega`, `id_envio`) values('128','1','1','2022-08-25 14:12:23','2022-08-30 14:33:13','CL',NULL,'2','378',NULL,'128');
insert into `pedidos` (`id`, `adquirir_antiguo`, `envio_domicilio`, `fecha_crea`, `fecha_modi`, `motivo_domicilio`, `comentario`, `id_estado`, `id_usuario`, `id_sede_entrega`, `id_envio`) values('129','1','1','2022-08-25 14:12:23','2022-08-30 14:33:13','CL',NULL,'2','379',NULL,'129');
/* Envios a domicilio finalizados */
insert into `pedidos` (`id`, `adquirir_antiguo`, `envio_domicilio`, `fecha_crea`, `fecha_modi`, `motivo_domicilio`, `comentario`, `id_estado`, `id_usuario`, `id_sede_entrega`, `id_envio`) values('130','1','1','2022-08-25 14:12:23','2022-08-30 14:33:13','CL',NULL,'4','380',NULL,'130');
insert into `pedidos` (`id`, `adquirir_antiguo`, `envio_domicilio`, `fecha_crea`, `fecha_modi`, `motivo_domicilio`, `comentario`, `id_estado`, `id_usuario`, `id_sede_entrega`, `id_envio`) values('131','1','1','2022-08-25 14:12:23','2022-08-30 14:33:13','CL',NULL,'4','381',NULL,'131');
insert into `pedidos` (`id`, `adquirir_antiguo`, `envio_domicilio`, `fecha_crea`, `fecha_modi`, `motivo_domicilio`, `comentario`, `id_estado`, `id_usuario`, `id_sede_entrega`, `id_envio`) values('132','1','1','2022-08-25 14:12:23','2022-08-30 14:33:13','CL',NULL,'4','382',NULL,'132');
insert into `pedidos` (`id`, `adquirir_antiguo`, `envio_domicilio`, `fecha_crea`, `fecha_modi`, `motivo_domicilio`, `comentario`, `id_estado`, `id_usuario`, `id_sede_entrega`, `id_envio`) values('133','1','1','2022-08-25 14:12:23','2022-08-30 14:33:13','CL',NULL,'4','383',NULL,'133');
insert into `pedidos` (`id`, `adquirir_antiguo`, `envio_domicilio`, `fecha_crea`, `fecha_modi`, `motivo_domicilio`, `comentario`, `id_estado`, `id_usuario`, `id_sede_entrega`, `id_envio`) values('134','1','1','2022-08-25 14:12:23','2022-08-30 14:33:13','CL',NULL,'4','384',NULL,'134');
insert into `pedidos` (`id`, `adquirir_antiguo`, `envio_domicilio`, `fecha_crea`, `fecha_modi`, `motivo_domicilio`, `comentario`, `id_estado`, `id_usuario`, `id_sede_entrega`, `id_envio`) values('135','1','1','2022-08-25 14:12:23','2022-08-30 14:33:13','CL',NULL,'4','385',NULL,'135');
insert into `pedidos` (`id`, `adquirir_antiguo`, `envio_domicilio`, `fecha_crea`, `fecha_modi`, `motivo_domicilio`, `comentario`, `id_estado`, `id_usuario`, `id_sede_entrega`, `id_envio`) values('136','1','1','2022-08-25 14:12:23','2022-08-30 14:33:13','CL',NULL,'4','386',NULL,'136');
insert into `pedidos` (`id`, `adquirir_antiguo`, `envio_domicilio`, `fecha_crea`, `fecha_modi`, `motivo_domicilio`, `comentario`, `id_estado`, `id_usuario`, `id_sede_entrega`, `id_envio`) values('137','1','1','2022-08-25 14:12:23','2022-08-30 14:33:13','CL',NULL,'4','387',NULL,'137');
insert into `pedidos` (`id`, `adquirir_antiguo`, `envio_domicilio`, `fecha_crea`, `fecha_modi`, `motivo_domicilio`, `comentario`, `id_estado`, `id_usuario`, `id_sede_entrega`, `id_envio`) values('138','1','1','2022-08-25 14:12:23','2022-08-30 14:33:13','CL',NULL,'4','388',NULL,'138');
insert into `pedidos` (`id`, `adquirir_antiguo`, `envio_domicilio`, `fecha_crea`, `fecha_modi`, `motivo_domicilio`, `comentario`, `id_estado`, `id_usuario`, `id_sede_entrega`, `id_envio`) values('139','1','1','2022-08-25 14:12:23','2022-08-30 14:33:13','CL',NULL,'4','389',NULL,'139');
insert into `pedidos` (`id`, `adquirir_antiguo`, `envio_domicilio`, `fecha_crea`, `fecha_modi`, `motivo_domicilio`, `comentario`, `id_estado`, `id_usuario`, `id_sede_entrega`, `id_envio`) values('140','1','1','2022-08-25 14:12:23','2022-08-30 14:33:13','CL',NULL,'4','390',NULL,'140');
insert into `pedidos` (`id`, `adquirir_antiguo`, `envio_domicilio`, `fecha_crea`, `fecha_modi`, `motivo_domicilio`, `comentario`, `id_estado`, `id_usuario`, `id_sede_entrega`, `id_envio`) values('141','1','1','2022-08-25 14:12:23','2022-08-30 14:33:13','CL',NULL,'4','391',NULL,'141');
insert into `pedidos` (`id`, `adquirir_antiguo`, `envio_domicilio`, `fecha_crea`, `fecha_modi`, `motivo_domicilio`, `comentario`, `id_estado`, `id_usuario`, `id_sede_entrega`, `id_envio`) values('142','1','1','2022-08-25 14:12:23','2022-08-30 14:33:13','CL',NULL,'4','392',NULL,'142');
insert into `pedidos` (`id`, `adquirir_antiguo`, `envio_domicilio`, `fecha_crea`, `fecha_modi`, `motivo_domicilio`, `comentario`, `id_estado`, `id_usuario`, `id_sede_entrega`, `id_envio`) values('143','1','1','2022-08-25 14:12:23','2022-08-30 14:33:13','CL',NULL,'4','393',NULL,'143');
insert into `pedidos` (`id`, `adquirir_antiguo`, `envio_domicilio`, `fecha_crea`, `fecha_modi`, `motivo_domicilio`, `comentario`, `id_estado`, `id_usuario`, `id_sede_entrega`, `id_envio`) values('144','1','1','2022-08-25 14:12:23','2022-08-30 14:33:13','CL',NULL,'4','394',NULL,'144');
insert into `pedidos` (`id`, `adquirir_antiguo`, `envio_domicilio`, `fecha_crea`, `fecha_modi`, `motivo_domicilio`, `comentario`, `id_estado`, `id_usuario`, `id_sede_entrega`, `id_envio`) values('145','1','1','2022-08-25 14:12:23','2022-08-30 14:33:13','CL',NULL,'4','395',NULL,'145');
insert into `pedidos` (`id`, `adquirir_antiguo`, `envio_domicilio`, `fecha_crea`, `fecha_modi`, `motivo_domicilio`, `comentario`, `id_estado`, `id_usuario`, `id_sede_entrega`, `id_envio`) values('146','1','1','2022-08-25 14:12:23','2022-08-30 14:33:13','CL',NULL,'4','396',NULL,'146');
insert into `pedidos` (`id`, `adquirir_antiguo`, `envio_domicilio`, `fecha_crea`, `fecha_modi`, `motivo_domicilio`, `comentario`, `id_estado`, `id_usuario`, `id_sede_entrega`, `id_envio`) values('147','1','1','2022-08-25 14:12:23','2022-08-30 14:33:13','CL',NULL,'4','397',NULL,'147');
insert into `pedidos` (`id`, `adquirir_antiguo`, `envio_domicilio`, `fecha_crea`, `fecha_modi`, `motivo_domicilio`, `comentario`, `id_estado`, `id_usuario`, `id_sede_entrega`, `id_envio`) values('148','1','1','2022-08-25 14:12:23','2022-08-30 14:33:13','CL',NULL,'4','398',NULL,'148');
insert into `pedidos` (`id`, `adquirir_antiguo`, `envio_domicilio`, `fecha_crea`, `fecha_modi`, `motivo_domicilio`, `comentario`, `id_estado`, `id_usuario`, `id_sede_entrega`, `id_envio`) values('149','1','1','2022-08-25 14:12:23','2022-08-30 14:33:13','CL',NULL,'4','399',NULL,'149');
insert into `pedidos` (`id`, `adquirir_antiguo`, `envio_domicilio`, `fecha_crea`, `fecha_modi`, `motivo_domicilio`, `comentario`, `id_estado`, `id_usuario`, `id_sede_entrega`, `id_envio`) values('150','1','1','2022-08-25 14:12:23','2022-08-30 14:33:13','CL',NULL,'4','400',NULL,'150');


/* HISTORICO ENVIOS de los finalizados */
insert into `historico_envios` (`id`, `id_envio`, `numero_doc`, `estado`, `fecha`, `numero_exp`, `seguimiento`, `obs_incidencia`) values('130','130','2024589','FIN','2022-09-05 09:04:00','96021094',NULL,NULL);
insert into `historico_envios` (`id`, `id_envio`, `numero_doc`, `estado`, `fecha`, `numero_exp`, `seguimiento`, `obs_incidencia`) values('131','131','2024589','FIN','2022-09-05 09:04:00','96021094',NULL,NULL);
insert into `historico_envios` (`id`, `id_envio`, `numero_doc`, `estado`, `fecha`, `numero_exp`, `seguimiento`, `obs_incidencia`) values('132','132','2024589','FIN','2022-09-05 09:04:00','96021094',NULL,NULL);
insert into `historico_envios` (`id`, `id_envio`, `numero_doc`, `estado`, `fecha`, `numero_exp`, `seguimiento`, `obs_incidencia`) values('133','133','2024589','FIN','2022-09-05 09:04:00','96021094',NULL,NULL);
insert into `historico_envios` (`id`, `id_envio`, `numero_doc`, `estado`, `fecha`, `numero_exp`, `seguimiento`, `obs_incidencia`) values('134','134','2024589','FIN','2022-09-05 09:04:00','96021094',NULL,NULL);
insert into `historico_envios` (`id`, `id_envio`, `numero_doc`, `estado`, `fecha`, `numero_exp`, `seguimiento`, `obs_incidencia`) values('135','135','2024589','FIN','2022-09-05 09:04:00','96021094',NULL,NULL);
insert into `historico_envios` (`id`, `id_envio`, `numero_doc`, `estado`, `fecha`, `numero_exp`, `seguimiento`, `obs_incidencia`) values('136','136','2024589','FIN','2022-09-05 09:04:00','96021094',NULL,NULL);
insert into `historico_envios` (`id`, `id_envio`, `numero_doc`, `estado`, `fecha`, `numero_exp`, `seguimiento`, `obs_incidencia`) values('137','137','2024589','FIN','2022-09-05 09:04:00','96021094',NULL,NULL);
insert into `historico_envios` (`id`, `id_envio`, `numero_doc`, `estado`, `fecha`, `numero_exp`, `seguimiento`, `obs_incidencia`) values('138','138','2024589','FIN','2022-09-05 09:04:00','96021094',NULL,NULL);
insert into `historico_envios` (`id`, `id_envio`, `numero_doc`, `estado`, `fecha`, `numero_exp`, `seguimiento`, `obs_incidencia`) values('139','139','2024589','FIN','2022-09-05 09:04:00','96021094',NULL,NULL);
insert into `historico_envios` (`id`, `id_envio`, `numero_doc`, `estado`, `fecha`, `numero_exp`, `seguimiento`, `obs_incidencia`) values('140','140','2024589','FIN','2022-09-05 09:04:00','96021094',NULL,NULL);
insert into `historico_envios` (`id`, `id_envio`, `numero_doc`, `estado`, `fecha`, `numero_exp`, `seguimiento`, `obs_incidencia`) values('141','141','2024589','FIN','2022-09-05 09:04:00','96021094',NULL,NULL);
insert into `historico_envios` (`id`, `id_envio`, `numero_doc`, `estado`, `fecha`, `numero_exp`, `seguimiento`, `obs_incidencia`) values('142','142','2024589','FIN','2022-09-05 09:04:00','96021094',NULL,NULL);
insert into `historico_envios` (`id`, `id_envio`, `numero_doc`, `estado`, `fecha`, `numero_exp`, `seguimiento`, `obs_incidencia`) values('143','143','2024589','FIN','2022-09-05 09:04:00','96021094',NULL,NULL);
insert into `historico_envios` (`id`, `id_envio`, `numero_doc`, `estado`, `fecha`, `numero_exp`, `seguimiento`, `obs_incidencia`) values('144','144','2024589','FIN','2022-09-05 09:04:00','96021094',NULL,NULL);
insert into `historico_envios` (`id`, `id_envio`, `numero_doc`, `estado`, `fecha`, `numero_exp`, `seguimiento`, `obs_incidencia`) values('145','145','2024589','FIN','2022-09-05 09:04:00','96021094',NULL,NULL);
insert into `historico_envios` (`id`, `id_envio`, `numero_doc`, `estado`, `fecha`, `numero_exp`, `seguimiento`, `obs_incidencia`) values('146','146','2024589','FIN','2022-09-05 09:04:00','96021094',NULL,NULL);
insert into `historico_envios` (`id`, `id_envio`, `numero_doc`, `estado`, `fecha`, `numero_exp`, `seguimiento`, `obs_incidencia`) values('147','147','2024589','FIN','2022-09-05 09:04:00','96021094',NULL,NULL);
insert into `historico_envios` (`id`, `id_envio`, `numero_doc`, `estado`, `fecha`, `numero_exp`, `seguimiento`, `obs_incidencia`) values('148','148','2024589','FIN','2022-09-05 09:04:00','96021094',NULL,NULL);
insert into `historico_envios` (`id`, `id_envio`, `numero_doc`, `estado`, `fecha`, `numero_exp`, `seguimiento`, `obs_incidencia`) values('149','149','2024589','FIN','2022-09-05 09:04:00','96021094',NULL,NULL);
insert into `historico_envios` (`id`, `id_envio`, `numero_doc`, `estado`, `fecha`, `numero_exp`, `seguimiento`, `obs_incidencia`) values('150','150','2024589','FIN','2022-09-05 09:04:00','96021094',NULL,NULL);

/* Crear Terminal pedidos para cada pedido */
insert into `terminal_pedidos` (`id`, `cantidad`, `id_pedido`, `id_terminal_extra`, `id_terminal_nuevo`) values('100','1','100',NULL,'4458');
insert into `terminal_pedidos` (`id`, `cantidad`, `id_pedido`, `id_terminal_extra`, `id_terminal_nuevo`) values('101','1','101',NULL,'4459');
insert into `terminal_pedidos` (`id`, `cantidad`, `id_pedido`, `id_terminal_extra`, `id_terminal_nuevo`) values('102','1','102',NULL,'4460');
insert into `terminal_pedidos` (`id`, `cantidad`, `id_pedido`, `id_terminal_extra`, `id_terminal_nuevo`) values('103','1','103',NULL,'4461');
insert into `terminal_pedidos` (`id`, `cantidad`, `id_pedido`, `id_terminal_extra`, `id_terminal_nuevo`) values('104','1','104',NULL,'4462');
insert into `terminal_pedidos` (`id`, `cantidad`, `id_pedido`, `id_terminal_extra`, `id_terminal_nuevo`) values('105','1','105',NULL,'4463');
insert into `terminal_pedidos` (`id`, `cantidad`, `id_pedido`, `id_terminal_extra`, `id_terminal_nuevo`) values('106','1','106',NULL,'4464');
insert into `terminal_pedidos` (`id`, `cantidad`, `id_pedido`, `id_terminal_extra`, `id_terminal_nuevo`) values('107','1','107',NULL,'4465');
insert into `terminal_pedidos` (`id`, `cantidad`, `id_pedido`, `id_terminal_extra`, `id_terminal_nuevo`) values('108','1','108',NULL,'4466');
insert into `terminal_pedidos` (`id`, `cantidad`, `id_pedido`, `id_terminal_extra`, `id_terminal_nuevo`) values('109','1','109',NULL,'4467');
insert into `terminal_pedidos` (`id`, `cantidad`, `id_pedido`, `id_terminal_extra`, `id_terminal_nuevo`) values('110','1','110',NULL,'4468');
insert into `terminal_pedidos` (`id`, `cantidad`, `id_pedido`, `id_terminal_extra`, `id_terminal_nuevo`) values('111','1','111',NULL,'4469');
insert into `terminal_pedidos` (`id`, `cantidad`, `id_pedido`, `id_terminal_extra`, `id_terminal_nuevo`) values('112','1','112',NULL,'4470');
insert into `terminal_pedidos` (`id`, `cantidad`, `id_pedido`, `id_terminal_extra`, `id_terminal_nuevo`) values('113','1','113',NULL,'4471');
insert into `terminal_pedidos` (`id`, `cantidad`, `id_pedido`, `id_terminal_extra`, `id_terminal_nuevo`) values('114','1','114',NULL,'4472');
insert into `terminal_pedidos` (`id`, `cantidad`, `id_pedido`, `id_terminal_extra`, `id_terminal_nuevo`) values('115','1','115',NULL,'4473');
insert into `terminal_pedidos` (`id`, `cantidad`, `id_pedido`, `id_terminal_extra`, `id_terminal_nuevo`) values('116','1','116',NULL,'4474');
insert into `terminal_pedidos` (`id`, `cantidad`, `id_pedido`, `id_terminal_extra`, `id_terminal_nuevo`) values('117','1','117',NULL,'4475');
insert into `terminal_pedidos` (`id`, `cantidad`, `id_pedido`, `id_terminal_extra`, `id_terminal_nuevo`) values('118','1','118',NULL,'4476');
insert into `terminal_pedidos` (`id`, `cantidad`, `id_pedido`, `id_terminal_extra`, `id_terminal_nuevo`) values('119','1','119',NULL,'4477');
insert into `terminal_pedidos` (`id`, `cantidad`, `id_pedido`, `id_terminal_extra`, `id_terminal_nuevo`) values('120','1','120',NULL,'4478');
insert into `terminal_pedidos` (`id`, `cantidad`, `id_pedido`, `id_terminal_extra`, `id_terminal_nuevo`) values('121','1','121',NULL,'4479');
insert into `terminal_pedidos` (`id`, `cantidad`, `id_pedido`, `id_terminal_extra`, `id_terminal_nuevo`) values('122','1','122',NULL,'4480');
insert into `terminal_pedidos` (`id`, `cantidad`, `id_pedido`, `id_terminal_extra`, `id_terminal_nuevo`) values('123','1','123',NULL,'4481');
insert into `terminal_pedidos` (`id`, `cantidad`, `id_pedido`, `id_terminal_extra`, `id_terminal_nuevo`) values('124','1','124',NULL,'4482');
insert into `terminal_pedidos` (`id`, `cantidad`, `id_pedido`, `id_terminal_extra`, `id_terminal_nuevo`) values('125','1','125',NULL,'4483');
insert into `terminal_pedidos` (`id`, `cantidad`, `id_pedido`, `id_terminal_extra`, `id_terminal_nuevo`) values('126','1','126',NULL,'4484');
insert into `terminal_pedidos` (`id`, `cantidad`, `id_pedido`, `id_terminal_extra`, `id_terminal_nuevo`) values('127','1','127',NULL,'4485');
insert into `terminal_pedidos` (`id`, `cantidad`, `id_pedido`, `id_terminal_extra`, `id_terminal_nuevo`) values('128','1','128',NULL,'4486');
insert into `terminal_pedidos` (`id`, `cantidad`, `id_pedido`, `id_terminal_extra`, `id_terminal_nuevo`) values('129','1','129',NULL,'4487');
insert into `terminal_pedidos` (`id`, `cantidad`, `id_pedido`, `id_terminal_extra`, `id_terminal_nuevo`) values('130','1','130',NULL,'4488');
insert into `terminal_pedidos` (`id`, `cantidad`, `id_pedido`, `id_terminal_extra`, `id_terminal_nuevo`) values('131','1','131',NULL,'4489');
insert into `terminal_pedidos` (`id`, `cantidad`, `id_pedido`, `id_terminal_extra`, `id_terminal_nuevo`) values('132','1','132',NULL,'4490');
insert into `terminal_pedidos` (`id`, `cantidad`, `id_pedido`, `id_terminal_extra`, `id_terminal_nuevo`) values('133','1','133',NULL,'4491');
insert into `terminal_pedidos` (`id`, `cantidad`, `id_pedido`, `id_terminal_extra`, `id_terminal_nuevo`) values('134','1','134',NULL,'4492');
insert into `terminal_pedidos` (`id`, `cantidad`, `id_pedido`, `id_terminal_extra`, `id_terminal_nuevo`) values('135','1','135',NULL,'4493');
insert into `terminal_pedidos` (`id`, `cantidad`, `id_pedido`, `id_terminal_extra`, `id_terminal_nuevo`) values('136','1','136',NULL,'4494');
insert into `terminal_pedidos` (`id`, `cantidad`, `id_pedido`, `id_terminal_extra`, `id_terminal_nuevo`) values('137','1','137',NULL,'4495');
insert into `terminal_pedidos` (`id`, `cantidad`, `id_pedido`, `id_terminal_extra`, `id_terminal_nuevo`) values('138','1','138',NULL,'4496');
insert into `terminal_pedidos` (`id`, `cantidad`, `id_pedido`, `id_terminal_extra`, `id_terminal_nuevo`) values('139','1','139',NULL,'4497');
insert into `terminal_pedidos` (`id`, `cantidad`, `id_pedido`, `id_terminal_extra`, `id_terminal_nuevo`) values('140','1','140',NULL,'4498');
insert into `terminal_pedidos` (`id`, `cantidad`, `id_pedido`, `id_terminal_extra`, `id_terminal_nuevo`) values('141','1','141',NULL,'4499');
insert into `terminal_pedidos` (`id`, `cantidad`, `id_pedido`, `id_terminal_extra`, `id_terminal_nuevo`) values('142','1','142',NULL,'4500');
insert into `terminal_pedidos` (`id`, `cantidad`, `id_pedido`, `id_terminal_extra`, `id_terminal_nuevo`) values('143','1','143',NULL,'4501');
insert into `terminal_pedidos` (`id`, `cantidad`, `id_pedido`, `id_terminal_extra`, `id_terminal_nuevo`) values('144','1','144',NULL,'4502');
insert into `terminal_pedidos` (`id`, `cantidad`, `id_pedido`, `id_terminal_extra`, `id_terminal_nuevo`) values('145','1','145',NULL,'4503');
insert into `terminal_pedidos` (`id`, `cantidad`, `id_pedido`, `id_terminal_extra`, `id_terminal_nuevo`) values('146','1','146',NULL,'4504');
insert into `terminal_pedidos` (`id`, `cantidad`, `id_pedido`, `id_terminal_extra`, `id_terminal_nuevo`) values('147','1','147',NULL,'4505');
insert into `terminal_pedidos` (`id`, `cantidad`, `id_pedido`, `id_terminal_extra`, `id_terminal_nuevo`) values('148','1','148',NULL,'4506');
insert into `terminal_pedidos` (`id`, `cantidad`, `id_pedido`, `id_terminal_extra`, `id_terminal_nuevo`) values('149','1','149',NULL,'4507');
insert into `terminal_pedidos` (`id`, `cantidad`, `id_pedido`, `id_terminal_extra`, `id_terminal_nuevo`) values('150','1','150',NULL,'4508');

/* Asignar IMEI a los usuarios con pedidos finalizados*/
/* TERMINAL USUARIOS */
UPDATE terminal_usuarios SET imei = '444740-21-330786-6', num_serie= '111111111' WHERE id = '4488';
UPDATE terminal_usuarios SET imei = '444740-21-330786-6', num_serie= '111111111' WHERE id = '4489';
UPDATE terminal_usuarios SET imei = '444740-21-330786-6', num_serie= '111111111' WHERE id = '4490';
UPDATE terminal_usuarios SET imei = '444740-21-330786-6', num_serie= '111111111' WHERE id = '4491';
UPDATE terminal_usuarios SET imei = '444740-21-330786-6', num_serie= '111111111' WHERE id = '4492';
UPDATE terminal_usuarios SET imei = '444740-21-330786-6', num_serie= '111111111' WHERE id = '4493';
UPDATE terminal_usuarios SET imei = '444740-21-330786-6', num_serie= '111111111' WHERE id = '4494';
UPDATE terminal_usuarios SET imei = '444740-21-330786-6', num_serie= '111111111' WHERE id = '4495';
UPDATE terminal_usuarios SET imei = '444740-21-330786-6', num_serie= '111111111' WHERE id = '4496';
UPDATE terminal_usuarios SET imei = '444740-21-330786-6', num_serie= '111111111' WHERE id = '4497';
UPDATE terminal_usuarios SET imei = '444740-21-330786-6', num_serie= '111111111' WHERE id = '4498';
UPDATE terminal_usuarios SET imei = '444740-21-330786-6', num_serie= '111111111' WHERE id = '4499';
UPDATE terminal_usuarios SET imei = '444740-21-330786-6', num_serie= '111111111' WHERE id = '4500';
UPDATE terminal_usuarios SET imei = '444740-21-330786-6', num_serie= '111111111' WHERE id = '4501';
UPDATE terminal_usuarios SET imei = '444740-21-330786-6', num_serie= '111111111' WHERE id = '4502';
UPDATE terminal_usuarios SET imei = '444740-21-330786-6', num_serie= '111111111' WHERE id = '4503';
UPDATE terminal_usuarios SET imei = '444740-21-330786-6', num_serie= '111111111' WHERE id = '4504';
UPDATE terminal_usuarios SET imei = '444740-21-330786-6', num_serie= '111111111' WHERE id = '4505';
UPDATE terminal_usuarios SET imei = '444740-21-330786-6', num_serie= '111111111' WHERE id = '4506';
UPDATE terminal_usuarios SET imei = '444740-21-330786-6', num_serie= '111111111' WHERE id = '4507';
UPDATE terminal_usuarios SET imei = '444740-21-330786-6', num_serie= '111111111' WHERE id = '4508';
